,2016-10-25,2016-10-26,2016-10-27,2016-10-28,2016-10-29,2016-10-30,2016-10-31
0,255.0,172.0,226.0,257.0,251.0,281.0,180.0
1,82.0,97.0,83.0,96.0,96.0,115.0,80.0
2,80.0,61.0,68.0,103.0,102.0,104.0,67.0
3,90.0,104.0,55.0,110.0,215.0,196.0,115.0
4,302.0,1.0,208.5,215.0,203.0,291.0,239.0
5,97.0,100.0,117.0,133.0,109.0,118.0,86.0
6,128.0,115.0,111.0,128.0,165.0,162.0,81.0
7,70.0,68.0,72.0,49.0,70.0,71.0,35.0
8,210.0,197.0,245.0,205.0,291.0,283.0,212.0
9,77.0,114.0,85.0,84.0,99.0,93.0,121.0
10,91.0,97.0,89.0,84.0,70.0,89.0,105.0
11,35.0,59.0,60.0,74.0,90.0,89.0,56.0
12,290.0,238.0,236.0,242.0,214.0,241.0,229.0
13,60.0,60.0,59.0,51.0,61.0,66.0,60.0
14,134.0,126.0,130.0,153.0,199.0,193.0,134.0
15,38.0,39.0,48.0,50.0,38.0,38.0,32.0
16,89.0,88.0,81.0,102.0,105.0,100.0,80.0
17,74.0,82.0,103.0,88.0,149.0,134.0,98.0
18,148.0,89.0,152.0,161.0,183.0,226.0,142.0
19,164.0,134.0,151.0,137.0,139.0,136.0,173.0
20,67.0,74.0,79.0,91.0,140.0,117.0,95.0
21,110.0,123.0,105.0,135.0,129.0,126.0,125.0
22,33.0,14.0,9.0,71.0,56.0,57.0,121.0
23,83.0,83.0,54.0,61.0,89.0,104.0,57.0
24,119.0,114.0,98.0,142.0,147.0,120.0,119.0
25,49.0,60.0,66.0,62.0,123.0,141.0,55.0
26,83.0,90.0,98.0,88.0,97.0,82.0,88.0
27,64.0,67.0,69.0,79.0,84.0,99.0,53.0
28,81.0,91.0,98.0,145.0,223.0,202.0,110.0
29,36.0,47.0,50.0,60.0,49.0,52.0,52.0
30,304.0,344.0,197.0,352.0,598.0,607.0,327.0
31,392.0,454.0,449.0,417.0,181.0,86.0,440.0
32,60.0,75.0,60.0,51.0,103.0,94.0,48.0
33,354.0,358.0,315.0,459.0,596.0,506.0,366.0
34,141.0,113.0,547.0,103.0,153.0,193.0,109.0
35,68.0,55.0,64.0,46.0,70.0,85.0,60.0
36,219.0,171.0,206.0,210.0,263.0,311.0,172.0
37,127.0,128.0,116.0,105.0,63.0,60.0,95.0
38,222.0,122.0,218.0,200.0,258.0,320.0,202.0
39,109.0,50.0,77.0,85.0,101.0,113.0,81.0
40,174.0,120.0,152.0,188.0,323.0,368.0,145.0
41,56.0,85.0,80.0,84.0,89.0,93.0,62.0
42,87.0,63.0,81.0,106.0,65.0,106.0,63.0
43,43.0,47.0,55.0,65.0,87.0,80.0,66.0
44,32.0,28.0,33.0,33.0,50.0,57.0,31.0
45,160.0,143.0,182.0,173.0,162.0,164.0,163.0
46,161.0,195.0,152.0,165.0,73.0,77.0,126.0
47,354.0,377.0,331.0,408.0,546.0,517.0,405.0
48,410.0,327.0,388.0,381.0,552.0,595.0,486.0
49,59.0,53.0,63.0,55.0,68.0,78.0,95.0
50,63.0,68.0,68.0,80.0,35.0,28.0,70.0
51,46.0,58.0,49.0,64.0,120.0,94.0,64.0
52,129.0,118.0,124.0,140.0,123.0,104.0,110.0
53,301.0,315.0,323.0,285.0,333.0,331.0,333.0
54,332.0,317.0,326.0,388.0,370.0,345.0,317.0
55,67.0,77.0,67.0,73.0,105.0,85.0,61.0
56,258.0,426.0,284.0,359.0,230.0,266.0,234.0
57,1598.0,1407.0,1631.0,1577.0,1932.0,1852.0,1560.0
58,160.0,173.0,174.0,285.0,145.0,164.0,170.0
59,142.0,158.0,137.0,176.0,190.0,193.0,174.0
60,76.0,93.0,86.0,107.0,112.0,118.0,70.0
61,85.0,74.0,66.0,84.0,106.0,140.0,67.0
62,245.0,187.0,200.0,200.0,233.0,265.0,198.0
63,157.0,180.0,157.0,148.0,131.0,108.0,165.0
64,304.0,300.0,301.0,327.0,435.0,551.0,370.0
65,58.0,78.0,78.0,103.0,85.0,100.0,73.0
66,56.0,59.0,32.0,69.0,99.0,89.0,49.0
67,50.0,71.0,51.0,54.0,57.0,62.0,64.0
68,85.0,107.0,109.0,151.0,143.0,127.0,92.0
69,50.0,55.0,57.0,65.0,94.0,88.0,46.0
70,156.0,163.0,135.0,139.0,162.0,168.0,134.0
71,487.0,476.0,465.0,539.0,373.0,406.0,681.0
72,113.0,76.0,95.0,110.0,92.0,122.0,95.0
73,121.0,115.0,107.0,120.0,135.0,165.0,110.0
74,113.0,79.0,57.0,84.0,95.0,129.0,80.0
75,39.0,32.0,52.0,60.0,128.0,78.0,43.0
76,136.0,127.0,141.0,123.0,93.0,137.0,101.0
77,51.0,53.0,56.0,56.0,58.0,66.0,59.0
78,165.0,128.0,148.0,152.0,56.0,57.0,176.0
79,68.0,70.0,77.0,67.0,73.0,85.0,83.0
80,123.0,73.0,106.0,20.0,65.0,98.0,85.0
81,103.0,120.0,100.0,114.0,101.0,110.0,113.0
82,117.0,109.0,126.0,140.0,209.0,188.0,101.0
83,188.0,152.0,151.0,212.0,342.0,297.0,161.0
84,60.0,56.0,49.0,74.0,111.0,109.0,57.0
85,116.0,119.0,131.0,110.0,172.0,146.0,115.0
86,134.0,128.0,134.0,114.0,26.0,26.0,122.0
87,422.0,482.0,465.0,500.0,602.0,586.0,438.0
88,39.0,34.0,46.0,48.0,167.0,102.0,47.0
89,222.0,145.0,160.0,269.0,438.0,445.0,189.0
90,87.0,89.0,82.0,87.0,115.0,123.0,84.0
91,110.0,106.0,119.0,159.0,218.0,162.0,126.0
92,185.0,188.0,205.0,170.0,123.0,93.0,181.0
93,86.0,138.0,83.0,95.0,100.0,79.0,85.0
94,109.0,104.0,99.0,111.0,100.0,89.0,88.0
95,116.0,164.0,122.0,184.0,148.0,162.0,144.0
96,193.0,46.0,164.0,192.0,192.0,239.0,264.0
97,84.0,77.0,74.0,78.0,120.0,105.0,74.0
98,68.0,66.0,68.0,73.0,50.0,73.0,73.0
99,382.0,392.0,419.0,427.0,400.0,282.0,388.0
100,128.0,122.0,115.0,125.0,201.0,192.0,146.0
101,133.0,108.0,121.0,122.0,125.0,128.0,120.0
102,63.0,75.0,55.0,58.0,79.0,69.0,51.0
103,117.0,108.0,101.0,116.0,106.0,70.0,105.0
104,77.0,61.0,80.0,100.0,153.0,160.0,88.0
105,78.0,62.0,68.0,64.0,55.0,53.0,70.0
106,71.0,70.0,61.0,116.0,258.0,196.0,71.0
107,89.0,79.0,89.0,113.0,132.0,138.0,85.0
108,106.0,121.0,107.0,102.0,94.0,108.0,90.0
109,153.0,154.0,103.0,145.0,149.0,123.0,114.0
110,50.0,63.0,71.0,75.0,103.0,78.0,74.0
111,113.0,108.0,103.0,116.0,162.0,180.0,111.0
112,160.0,196.0,140.0,177.0,98.0,134.0,163.0
113,597.0,587.0,648.0,806.0,508.0,491.0,581.0
114,518.0,466.0,308.0,354.0,299.0,313.0,319.0
115,510.0,526.0,517.0,410.0,323.0,373.0,470.0
116,133.0,116.0,102.0,138.0,239.0,220.0,106.0
117,86.0,88.0,76.0,70.0,20.0,24.0,87.0
118,48.0,34.0,32.0,56.0,85.0,78.0,45.0
119,281.0,254.0,264.0,251.0,292.0,367.0,268.0
120,40.0,47.0,47.0,78.0,69.0,72.0,45.0
121,51.0,55.0,71.0,74.0,63.0,71.0,49.0
122,72.0,83.0,37.0,91.0,115.0,84.0,78.0
123,416.0,347.0,355.0,337.0,447.0,472.0,411.0
124,25.0,30.0,32.0,49.0,42.0,37.0,25.0
125,114.0,116.0,112.0,116.0,103.0,89.0,135.0
126,44.0,52.0,51.0,47.0,74.0,83.0,50.0
127,33.0,54.0,45.0,52.0,69.0,76.0,46.0
128,162.0,147.0,178.0,168.0,419.0,400.0,168.0
129,299.0,236.0,295.0,276.0,350.0,353.0,262.0
130,33.0,49.0,43.0,43.0,43.0,60.0,62.0
131,41.0,42.0,40.0,77.0,151.0,108.0,59.0
132,93.0,97.0,101.0,110.0,79.0,80.0,118.0
133,424.0,420.0,420.0,338.0,338.0,375.0,407.0
134,160.0,132.0,151.0,154.0,204.0,167.0,156.0
135,86.0,96.0,100.0,134.0,83.0,87.0,98.0
136,92.0,88.0,99.0,102.0,75.0,99.0,83.0
137,278.0,216.0,269.0,295.0,265.0,228.0,272.0
138,50.0,56.0,58.0,96.0,155.0,125.0,60.0
139,360.0,355.0,338.0,419.0,195.0,174.0,297.0
140,47.0,33.0,28.0,45.0,68.0,66.0,38.0
141,391.0,487.0,448.0,427.0,147.0,168.0,436.0
142,121.0,127.0,137.0,123.0,130.0,115.0,145.0
143,88.0,67.0,84.0,91.0,163.0,206.0,92.0
144,69.0,71.0,68.0,65.0,68.0,69.0,62.0
145,415.0,444.0,397.0,501.0,705.0,729.0,520.0
146,153.0,131.0,132.0,144.0,100.0,89.0,106.0
147,67.0,74.0,61.0,83.0,73.0,71.0,84.0
148,124.0,148.0,139.0,160.0,453.0,287.0,171.0
149,53.0,67.0,50.0,61.0,120.0,101.0,52.0
150,93.0,107.0,100.0,157.0,58.0,51.0,107.0
151,52.0,54.0,59.0,55.0,65.0,56.0,47.0
152,59.0,60.0,64.0,56.0,101.0,77.0,60.0
153,112.0,115.0,114.0,107.0,80.0,66.0,128.0
154,117.0,147.0,126.0,139.0,167.0,168.0,115.0
155,135.0,124.0,117.0,130.0,150.0,148.0,133.0
156,74.0,77.0,62.0,83.0,131.0,104.0,78.0
157,66.0,75.0,67.0,66.0,65.0,62.0,69.0
158,41.0,54.0,55.0,54.0,80.0,85.0,64.0
159,323.0,279.0,286.0,284.0,109.0,96.0,263.0
160,95.0,88.0,148.0,133.0,83.0,131.0,149.0
161,109.0,104.0,93.0,84.0,99.0,60.0,71.0
162,84.0,61.0,84.0,66.0,115.0,104.0,64.0
163,201.0,228.0,235.0,240.0,150.0,136.0,212.0
164,89.0,61.0,77.0,119.0,152.0,155.0,86.0
165,53.0,62.0,52.0,72.0,132.0,129.0,46.0
166,160.0,203.0,144.0,142.0,162.0,135.0,149.0
167,106.0,107.0,108.0,84.0,97.0,124.0,111.0
168,90.0,81.0,82.0,95.0,211.0,158.0,66.0
169,67.0,55.0,54.0,71.0,143.0,128.0,67.0
170,250.0,273.0,258.0,267.0,239.0,203.0,255.0
171,160.0,178.0,114.0,196.0,331.0,292.0,176.0
172,180.0,172.0,156.0,172.0,192.0,187.0,181.0
173,209.0,210.0,190.0,175.0,174.0,202.0,222.0
174,77.0,89.0,73.0,110.0,180.0,186.0,82.0
175,62.0,60.0,69.0,91.0,131.0,101.0,64.0
176,108.0,97.0,97.0,118.0,158.0,157.0,93.0
177,83.0,72.0,72.0,56.0,77.0,100.0,56.0
178,49.0,71.0,30.0,72.0,87.0,78.0,54.0
179,267.0,171.0,276.0,261.0,303.0,396.0,277.0
180,62.0,59.0,76.0,76.0,97.0,99.0,62.0
181,31.0,38.0,45.0,35.0,57.0,49.0,30.0
182,205.0,176.0,172.0,211.0,158.0,100.0,202.0
183,79.0,82.0,74.0,80.0,103.0,85.0,67.0
184,104.0,128.0,108.0,102.0,107.0,112.0,124.0
185,136.0,143.0,146.0,145.0,209.0,214.0,120.0
186,87.0,96.0,76.0,92.0,76.0,61.0,83.0
187,129.0,55.0,83.0,84.0,94.0,106.0,94.0
188,448.0,379.0,419.0,472.0,682.0,285.0,374.0
189,46.0,44.0,57.0,86.0,71.0,53.0,40.0
190,77.0,71.0,73.0,78.0,70.0,38.0,65.0
191,31.0,48.0,35.0,39.0,85.0,103.0,41.0
192,139.0,128.0,121.0,171.0,238.0,213.0,118.0
193,37.0,46.0,40.0,49.0,25.0,27.0,39.0
194,62.0,48.0,63.0,59.0,117.0,109.0,39.0
195,60.0,68.0,39.0,151.0,212.0,257.0,67.0
196,47.0,45.0,33.0,66.0,86.0,92.0,44.0
197,115.0,124.0,118.0,109.0,82.0,63.0,125.0
198,156.0,110.0,189.0,175.0,174.0,240.0,166.0
199,193.0,124.0,192.0,222.0,433.0,372.0,181.0
200,38.0,31.0,35.0,39.0,86.0,64.0,34.0
201,185.0,220.0,220.0,188.0,69.0,37.0,182.0
202,374.0,262.0,417.0,502.0,739.0,838.0,404.0
203,116.0,89.0,103.0,105.0,74.0,79.0,63.0
204,103.0,128.0,102.0,119.0,107.0,101.0,86.0
205,55.0,48.0,47.0,65.0,77.0,84.0,53.0
206,63.0,55.0,41.0,77.0,168.0,196.0,57.0
207,105.0,101.0,76.0,119.0,126.0,134.0,86.0
208,52.0,35.0,54.0,70.0,144.0,157.0,99.0
209,95.0,72.0,81.0,122.0,139.0,158.0,82.0
210,93.0,103.0,101.0,86.0,136.0,129.0,78.0
211,59.0,32.0,31.0,60.0,121.0,91.0,46.0
212,95.0,81.0,71.0,79.0,59.0,67.0,81.0
213,30.0,39.0,49.0,41.0,73.0,82.0,41.0
214,119.0,145.0,125.0,194.0,317.0,305.0,117.0
215,50.0,39.0,34.0,56.0,33.0,53.0,50.0
216,327.0,339.0,355.0,460.0,531.0,450.0,354.0
217,52.0,65.0,53.0,62.0,19.0,20.0,59.0
218,74.0,67.0,66.0,53.0,59.0,45.0,46.0
219,93.0,85.0,92.0,106.0,65.0,63.0,94.0
220,104.0,128.0,124.0,130.0,144.0,158.0,133.0
221,33.0,36.0,35.0,39.0,33.0,26.0,23.0
222,61.0,64.0,83.0,83.0,54.0,97.0,57.0
223,73.0,73.0,87.0,85.0,28.0,15.0,69.0
224,87.0,83.0,92.0,83.0,64.0,62.0,90.0
225,203.0,181.0,162.0,208.0,204.0,187.0,185.0
226,31.0,49.0,46.0,73.0,126.0,118.0,83.0
227,56.0,38.0,69.0,50.0,71.0,71.0,45.0
228,102.0,101.0,89.0,93.0,103.0,84.0,83.0
229,81.0,74.0,60.0,65.0,79.0,79.0,63.0
230,59.0,59.0,87.0,81.0,79.0,93.0,72.0
231,75.0,76.0,78.0,60.0,67.0,52.0,74.0
232,232.0,196.0,228.0,299.0,481.0,465.0,282.0
233,150.0,152.0,142.0,188.0,196.0,176.0,152.0
234,99.0,118.0,117.0,160.0,177.0,186.0,115.0
235,32.0,34.0,51.0,49.0,55.0,79.0,51.0
236,90.0,71.0,76.0,56.0,84.0,74.0,79.0
237,57.0,70.0,61.0,75.0,85.0,55.0,66.0
238,67.0,86.0,55.0,90.0,118.0,107.0,70.0
239,283.0,303.0,351.0,378.0,294.0,244.0,249.0
240,118.0,64.0,71.0,78.0,96.0,109.0,131.0
241,77.0,90.0,105.0,63.0,48.0,73.0,65.0
242,222.0,238.0,210.0,282.0,359.0,352.0,239.0
243,260.0,266.0,224.0,228.0,143.0,146.0,201.0
244,153.0,157.0,145.0,214.0,170.0,174.0,206.0
245,28.0,30.0,30.0,38.0,191.0,76.0,29.0
246,161.0,163.0,161.0,171.0,134.0,157.0,171.0
247,63.0,55.0,70.0,77.0,67.0,87.0,74.0
248,156.0,183.0,167.0,168.0,82.0,54.0,194.0
249,65.0,49.0,56.0,62.0,73.0,102.0,65.0
250,95.0,105.0,112.0,112.0,57.0,61.0,113.0
251,160.0,195.0,182.0,157.0,268.0,182.0,162.0
252,61.0,73.0,84.0,95.0,152.0,157.0,83.0
253,155.0,186.0,222.0,164.0,232.0,113.0,139.0
254,81.0,103.0,90.0,94.0,63.0,67.0,72.0
255,198.0,210.0,201.0,192.0,274.0,259.0,167.0
256,78.0,91.0,74.0,99.0,90.0,66.0,88.0
257,69.0,54.0,64.0,104.0,114.0,97.0,72.0
258,72.0,46.0,79.0,82.0,73.0,69.0,77.0
259,76.0,42.0,72.0,73.0,81.0,81.0,64.0
260,112.0,93.0,80.0,103.0,179.0,155.0,94.0
261,97.0,122.0,118.0,148.0,128.0,139.0,133.0
262,123.0,113.0,109.0,112.0,128.0,119.0,119.0
263,105.0,80.0,113.0,90.0,104.0,128.0,64.0
264,119.0,115.0,122.0,139.0,161.0,144.0,136.0
265,40.0,34.0,45.0,48.0,51.0,56.0,32.0
266,107.0,113.0,100.0,100.0,97.0,72.0,88.0
267,112.0,113.0,100.0,119.0,55.0,79.0,84.0
268,112.0,105.0,106.0,77.0,74.0,76.0,108.0
269,99.0,42.0,81.0,90.0,116.0,91.0,115.0
270,70.0,46.0,62.0,46.0,52.0,53.0,64.0
271,562.0,599.0,584.0,624.0,580.0,500.0,634.0
272,107.0,91.0,105.0,144.0,178.0,182.0,160.0
273,47.0,69.0,52.0,58.0,46.0,40.0,61.0
274,700.0,741.0,694.0,642.0,581.0,566.0,670.0
275,144.0,88.0,127.0,178.0,228.0,262.0,135.0
276,40.0,28.0,27.0,55.0,108.0,106.0,20.0
277,222.0,309.0,280.0,329.0,484.0,495.0,281.0
278,400.0,424.0,424.0,476.0,592.0,606.0,423.0
279,63.0,66.0,61.0,65.0,100.0,105.0,62.0
280,140.0,147.0,163.0,194.0,215.0,222.0,121.0
281,259.0,279.0,240.0,235.0,154.0,96.0,213.0
282,53.0,44.0,53.0,67.0,107.0,71.0,36.0
283,18.0,17.0,39.0,38.0,79.0,80.0,27.0
284,250.0,261.0,257.0,417.0,218.0,248.0,296.0
285,605.0,432.0,472.0,444.0,365.0,419.0,576.0
286,201.0,175.0,185.0,237.0,278.0,251.0,190.0
287,83.0,59.0,91.0,97.0,139.0,126.0,67.0
288,49.0,42.0,58.0,54.0,84.0,76.0,46.0
289,77.0,75.0,73.0,61.0,74.0,58.0,52.0
290,149.0,131.0,146.0,97.0,56.0,41.0,158.0
291,169.0,168.0,172.0,160.0,97.0,85.0,139.0
292,180.0,234.0,191.0,181.0,179.0,212.0,195.0
293,147.0,145.0,152.0,161.0,145.0,104.0,140.0
294,63.0,39.0,67.0,30.0,97.0,100.0,42.0
295,341.0,329.0,354.0,408.0,537.0,588.0,339.0
296,291.0,272.0,353.0,217.0,225.0,278.0,216.0
297,326.0,358.0,371.0,506.0,762.0,759.0,426.0
298,168.0,129.0,188.0,215.0,273.0,277.0,183.0
299,60.0,53.0,69.0,64.0,48.0,64.0,36.0
300,65.0,93.0,75.0,55.0,94.0,80.0,57.0
301,143.0,140.0,118.0,123.0,35.0,102.0,137.0
302,51.0,37.0,49.0,68.0,131.0,108.0,50.0
303,223.0,207.0,212.0,287.0,241.0,213.0,201.0
304,76.0,143.0,105.0,136.0,184.0,141.0,110.0
305,554.0,537.0,546.0,486.0,133.0,82.0,583.0
306,72.0,79.0,68.0,72.0,116.0,110.0,55.0
307,105.0,98.0,97.0,139.0,68.0,70.0,145.0
308,168.0,165.0,183.0,167.0,139.0,91.0,148.0
309,151.0,131.0,120.0,166.0,175.0,223.0,151.0
310,105.0,108.0,135.0,130.0,37.0,12.0,109.0
311,117.0,108.0,113.0,105.0,107.0,107.0,116.0
312,566.0,587.0,581.0,543.0,340.0,33.0,466.0
313,146.0,122.0,101.0,161.0,180.0,156.0,135.0
314,176.0,167.0,166.0,158.0,218.0,179.0,168.0
315,225.0,225.0,114.0,140.0,146.0,181.0,215.0
316,51.0,47.0,63.0,44.0,113.0,124.0,59.0
317,142.0,138.0,132.0,176.0,191.0,167.0,140.0
318,235.0,154.0,196.0,201.0,236.0,249.0,268.0
319,213.0,196.0,232.0,275.0,391.0,354.0,215.0
320,140.0,114.0,149.0,136.0,114.0,106.0,115.0
321,79.0,78.0,74.0,54.0,67.0,37.0,70.0
322,179.0,188.0,199.0,196.0,212.0,191.0,157.0
323,120.0,123.0,109.0,88.0,84.0,79.0,103.0
324,68.0,72.0,61.0,69.0,95.0,85.0,47.0
325,72.0,65.0,82.0,96.0,106.0,108.0,90.0
326,58.0,56.0,61.0,62.0,65.0,64.0,67.0
327,164.0,151.0,152.0,156.0,163.0,181.0,156.0
328,72.0,56.0,80.0,66.0,85.0,96.0,67.0
329,46.0,36.0,47.0,56.0,148.0,106.0,18.0
330,359.0,291.0,351.0,363.0,60.0,94.0,367.0
331,89.0,108.0,91.0,115.0,164.0,153.0,123.0
332,101.0,62.0,87.0,44.0,92.0,120.0,91.0
333,150.0,137.0,157.0,131.0,174.0,168.0,141.0
334,176.0,164.0,176.0,175.0,102.0,94.0,158.0
335,243.0,163.0,201.0,268.0,498.0,454.0,260.0
336,82.0,82.0,84.0,97.0,104.0,87.0,83.0
337,381.0,281.0,397.0,490.0,917.0,936.0,372.0
338,88.0,94.0,115.0,102.0,154.0,122.0,90.0
339,73.0,52.0,83.0,58.0,67.0,77.0,57.0
340,128.0,151.0,133.0,201.0,321.0,298.0,143.0
341,108.0,111.0,113.0,102.0,131.0,98.0,138.0
342,101.0,111.0,92.0,121.0,99.0,92.0,82.0
343,120.0,160.0,138.0,190.0,106.0,146.0,130.0
344,97.0,113.0,107.0,121.0,126.0,108.0,118.0
345,231.0,235.0,247.0,225.0,182.0,194.0,262.0
346,68.0,48.0,50.0,58.0,65.0,58.0,43.0
347,280.0,328.0,201.0,337.0,465.0,418.0,289.0
348,88.0,117.0,129.0,123.0,109.0,104.0,119.0
349,253.0,277.0,268.0,250.0,99.0,98.0,206.0
350,126.0,106.0,91.0,137.0,78.0,73.0,103.0
351,254.0,263.0,286.0,249.0,8.0,1.0,300.0
352,51.0,58.0,63.0,54.0,45.0,70.0,66.0
353,61.0,86.0,74.0,74.0,95.0,99.0,65.0
354,76.0,74.0,69.0,62.0,51.0,22.0,61.0
355,136.0,127.0,126.0,138.0,147.0,119.0,139.0
356,40.0,42.0,49.0,51.0,50.0,52.0,44.0
357,154.0,154.0,138.0,157.0,110.0,120.0,138.0
358,168.0,146.0,143.0,159.0,193.0,167.0,137.0
359,130.0,112.0,90.0,167.0,239.0,212.0,127.0
360,235.0,236.0,232.0,232.0,127.0,105.0,235.0
361,150.0,134.0,135.0,158.0,130.0,132.0,134.0
362,47.0,66.0,51.0,61.0,47.0,66.0,53.0
363,101.0,105.0,99.0,125.0,184.0,192.0,104.0
364,56.0,53.0,71.0,74.0,90.0,87.0,61.0
365,70.0,84.0,99.0,92.0,50.0,23.0,91.0
366,95.0,62.0,79.0,63.0,69.0,102.0,97.0
367,389.0,312.0,344.0,251.0,109.0,138.0,303.0
368,124.0,144.0,119.0,128.0,143.0,172.0,112.0
369,184.0,149.0,204.0,275.0,447.0,482.0,193.0
370,231.0,213.0,224.0,228.0,331.0,340.0,182.0
371,62.0,60.0,46.0,48.0,64.0,74.0,48.0
372,46.0,51.0,53.0,74.0,60.0,62.0,50.0
373,44.0,54.0,61.0,58.0,65.0,67.0,55.0
374,30.0,37.0,49.0,50.0,60.0,65.0,33.0
375,44.0,36.0,42.0,30.0,61.0,43.0,32.0
376,118.0,127.0,123.0,113.0,77.0,81.0,115.0
377,174.0,161.0,185.0,181.0,131.0,131.0,136.0
378,27.0,44.0,29.0,50.0,118.0,88.0,33.0
379,196.0,216.0,203.0,241.0,276.0,291.0,155.0
380,39.0,22.0,35.0,29.0,40.0,42.0,39.0
381,47.0,40.0,71.0,44.0,66.0,74.0,60.0
382,91.0,98.0,91.0,71.0,86.0,73.0,104.0
383,83.0,97.0,89.0,97.0,35.0,39.0,103.0
384,58.0,33.0,39.0,52.0,65.0,54.0,26.0
385,176.0,133.0,175.0,213.0,235.0,216.0,154.0
386,56.0,56.0,72.0,95.0,90.0,125.0,76.0
387,69.0,83.0,90.0,117.0,195.0,195.0,84.0
388,111.0,108.0,103.0,117.0,120.0,105.0,107.0
389,41.0,55.0,47.0,84.0,154.0,135.0,58.0
390,237.0,233.0,218.0,386.0,256.0,246.0,163.0
391,324.0,324.0,290.0,287.0,140.0,110.0,252.0
392,484.0,494.0,464.0,464.0,511.0,534.0,423.0
393,149.0,180.0,148.0,195.0,170.0,170.0,155.0
394,207.0,237.0,237.0,218.0,230.0,208.0,225.0
395,116.0,104.0,91.0,89.0,80.0,94.0,101.0
396,115.0,87.0,146.0,133.0,198.0,246.0,109.0
397,128.0,182.0,120.0,143.0,105.0,86.0,128.0
398,82.0,39.0,69.0,94.0,285.0,449.0,235.0
399,73.0,71.0,74.0,58.0,64.0,85.0,89.0
400,70.0,103.0,85.0,129.0,84.0,102.0,97.0
401,255.0,164.0,206.0,243.0,206.0,215.0,231.0
402,92.0,85.0,104.0,92.0,121.0,93.0,108.0
403,178.0,137.0,170.0,198.0,286.0,332.0,166.0
404,188.0,139.0,148.0,148.0,90.0,49.0,116.0
405,187.0,187.0,187.0,174.0,162.0,206.0,186.0
406,204.0,201.0,201.0,200.0,196.0,192.0,262.0
407,260.0,263.0,259.0,310.0,447.0,511.0,271.0
408,88.0,102.0,96.0,81.0,89.0,100.0,84.0
409,92.0,98.0,90.0,126.0,113.0,115.0,100.0
410,28.0,10.0,22.0,26.0,48.0,47.0,16.0
411,79.0,87.0,80.0,115.0,55.0,37.0,108.0
412,185.0,232.0,242.0,224.0,167.0,179.0,201.0
413,417.0,498.0,417.0,497.0,280.0,490.0,417.0
414,83.0,63.0,82.0,83.0,48.0,45.0,74.0
415,65.0,58.0,46.0,63.0,72.0,96.0,37.0
416,27.0,29.0,27.0,25.0,48.0,44.0,19.0
417,117.0,118.0,115.0,130.0,194.0,186.0,134.0
418,40.0,57.0,40.0,77.0,69.0,48.0,60.0
419,107.0,84.0,72.0,95.0,68.0,61.0,84.0
420,34.0,41.0,37.0,62.0,108.0,73.0,44.0
421,67.0,67.0,70.0,56.0,72.0,91.0,43.0
422,81.0,66.0,85.0,102.0,221.0,225.0,75.0
423,76.0,56.0,83.0,93.0,139.0,103.0,71.0
424,109.0,84.0,114.0,124.0,168.0,133.0,57.0
425,156.0,182.0,186.0,298.0,212.0,150.0,172.0
426,120.0,104.0,147.0,159.0,97.0,74.0,134.0
427,152.0,150.0,206.0,183.0,216.0,218.0,238.0
428,33.0,40.0,37.0,39.0,57.0,44.0,28.0
429,117.0,124.0,106.0,103.0,97.0,61.0,96.0
430,69.0,77.0,74.0,82.0,64.0,98.0,61.0
431,49.0,53.0,45.0,47.0,81.0,81.0,34.0
432,84.0,98.0,86.0,88.0,67.0,79.0,85.0
433,61.0,48.0,39.0,2.0,111.0,101.0,39.0
434,344.0,323.0,362.0,494.0,877.0,798.0,381.0
435,385.0,488.0,496.0,458.0,498.0,501.0,385.0
436,53.0,51.0,49.0,56.0,53.0,35.0,43.0
437,71.0,59.0,98.0,75.0,94.0,99.0,53.0
438,124.0,143.0,164.0,134.0,134.0,118.0,111.0
439,73.0,89.0,80.0,64.0,64.0,77.0,80.0
440,198.0,137.0,182.0,214.0,295.0,320.0,183.0
441,101.0,74.0,79.0,107.0,135.0,114.0,67.0
442,46.0,57.0,63.0,83.0,75.0,84.0,46.0
443,76.0,85.6,85.6,29.0,71.0,84.0,168.0
444,187.0,187.0,227.0,267.0,400.0,211.0,128.0
445,36.0,30.0,31.0,36.0,51.0,44.0,38.0
446,212.0,209.0,211.0,223.0,85.0,96.0,230.0
447,183.0,183.0,206.0,162.0,63.0,51.0,138.0
448,35.0,22.0,21.0,38.0,65.0,82.0,31.0
449,66.0,47.0,72.0,55.0,69.0,77.0,74.0
450,117.0,126.0,132.0,149.0,187.0,187.0,123.0
451,201.0,218.0,233.0,237.0,274.0,313.0,212.0
452,77.0,81.0,78.0,55.0,54.0,79.0,57.0
453,64.0,61.0,58.0,71.0,61.0,66.0,64.0
454,106.0,104.0,166.0,132.0,134.0,156.0,92.0
455,45.0,67.0,73.0,85.0,102.0,92.0,48.0
456,53.0,40.0,57.0,97.0,99.0,106.0,50.0
457,134.0,84.0,117.0,189.0,184.0,197.0,84.0
458,6.0,5.0,10.0,93.0,142.0,63.0,7.0
459,268.0,257.0,269.0,288.0,93.0,43.0,270.0
460,62.0,49.0,55.0,68.0,65.0,46.0,54.0
461,57.0,54.0,65.0,95.0,237.0,173.0,60.0
462,120.0,146.0,168.0,141.0,178.0,196.0,163.0
463,70.0,112.0,65.0,93.0,172.0,134.0,72.0
464,379.0,307.0,398.0,413.0,633.0,712.0,381.0
465,64.0,66.0,52.0,82.0,82.0,94.0,59.0
466,83.0,98.0,90.0,104.0,92.0,142.0,97.0
467,46.0,51.0,56.0,57.0,75.0,77.0,41.0
468,69.0,70.0,65.0,77.0,51.0,68.0,86.0
469,55.0,102.2,102.2,86.0,170.0,137.0,63.0
470,99.0,85.0,85.0,93.0,77.0,93.0,91.0
471,461.0,426.0,445.0,603.0,731.0,669.0,392.0
472,85.0,100.0,91.0,80.0,47.0,36.0,99.0
473,10.0,8.0,13.0,45.0,61.0,54.0,45.0
474,126.0,128.0,108.0,122.0,148.0,116.0,111.0
475,75.0,83.0,93.0,82.0,21.0,26.0,101.0
476,86.0,105.0,75.0,110.0,99.0,100.0,82.0
477,45.0,52.0,42.0,44.0,52.0,46.0,40.0
478,71.0,76.0,49.0,61.0,116.0,117.0,75.0
479,65.0,57.0,48.0,90.0,78.0,76.0,82.0
480,38.0,54.0,46.0,51.0,67.0,69.0,47.0
481,88.0,71.0,75.0,114.0,129.0,144.0,75.0
482,83.0,74.0,66.0,72.0,86.0,29.0,76.0
483,59.0,34.0,43.0,74.0,143.0,153.0,55.0
484,107.0,83.0,130.0,88.0,109.0,135.0,95.0
485,68.0,77.0,76.0,98.0,127.0,104.0,90.0
486,51.0,25.0,52.0,39.0,56.0,42.0,37.0
487,80.0,69.0,45.0,60.0,85.0,71.0,66.0
488,59.0,97.0,111.0,154.0,107.0,96.0,173.0
489,41.0,23.0,42.0,44.0,111.0,98.0,54.0
490,297.0,239.0,205.0,285.0,199.0,53.0,110.0
491,83.0,51.0,87.0,64.0,74.0,77.0,49.0
492,113.0,115.0,90.0,94.0,128.0,139.0,108.0
493,80.0,71.0,59.0,85.0,97.0,134.0,86.0
494,53.0,62.0,47.0,79.0,172.0,179.0,86.0
495,128.0,110.0,126.0,131.0,205.0,118.0,118.0
496,58.0,81.0,71.0,101.0,101.0,126.0,76.0
497,77.0,50.0,85.0,77.0,59.0,96.0,85.0
498,47.0,45.0,48.0,42.0,71.0,65.0,70.0
499,124.0,120.0,135.0,148.0,224.0,217.0,129.0
500,204.0,237.0,182.0,186.0,128.0,173.0,259.0
501,141.0,133.0,118.0,134.0,242.0,100.0,121.0
502,112.0,102.0,93.0,109.0,85.0,67.0,126.0
503,68.0,59.0,69.0,77.0,81.0,76.0,58.0
504,146.0,103.0,117.0,120.0,52.0,18.0,107.0
505,60.0,68.0,77.0,92.0,148.0,149.0,74.0
506,304.0,239.0,265.0,249.0,521.0,161.0,255.0
507,193.0,174.0,188.0,156.0,94.0,95.0,129.0
508,51.0,55.0,47.0,94.0,40.0,78.0,38.0
509,66.0,76.0,83.0,76.0,70.0,61.0,64.0
510,131.0,116.0,114.0,140.0,183.0,186.0,122.0
511,48.0,57.0,44.0,57.0,78.0,83.0,12.0
512,148.0,131.0,154.0,167.0,140.333333333,85.0,157.0
513,59.0,54.0,97.0,82.0,90.0,88.0,68.0
514,152.0,140.0,141.0,171.0,156.0,168.0,133.0
515,85.0,92.0,82.0,92.0,90.0,77.0,90.0
516,2577.0,1475.0,1741.0,2013.0,3687.0,3841.0,1644.0
517,49.0,54.0,65.0,69.0,101.0,105.0,53.0
518,229.0,165.0,239.0,230.0,227.0,244.0,153.0
519,53.0,83.0,81.0,57.0,60.0,72.0,123.0
520,60.0,39.0,50.0,56.0,94.0,118.0,48.0
521,127.0,130.0,125.0,162.0,199.0,178.0,133.0
522,49.0,29.0,57.0,62.0,75.0,62.0,39.0
523,79.0,61.0,82.0,81.0,4.0,2.0,82.0
524,52.0,57.0,59.0,56.0,62.0,59.0,58.0
525,115.0,70.0,86.0,102.0,127.0,132.0,84.0
526,74.0,63.0,71.0,66.0,46.0,32.0,87.0
527,360.0,374.0,322.0,427.0,760.0,773.0,407.0
528,120.0,129.0,128.0,119.0,90.0,83.0,130.0
529,969.0,990.0,988.0,915.0,143.0,54.0,962.0
530,117.0,123.0,138.0,174.0,184.0,202.0,105.0
531,127.0,111.0,119.0,111.0,119.0,143.0,118.0
532,131.0,152.0,74.0,97.0,117.0,96.0,151.0
533,26.0,34.0,31.0,36.0,89.0,92.0,31.0
534,233.0,163.0,183.0,199.0,107.0,109.0,145.0
535,77.0,64.0,74.0,61.0,66.0,95.0,68.0
536,93.0,100.0,102.0,130.0,178.0,166.0,109.0
537,41.0,45.0,34.0,57.0,138.0,108.0,30.0
538,80.0,125.0,112.0,129.0,134.0,113.0,105.0
539,79.0,89.0,64.0,96.0,87.0,80.0,77.0
540,153.0,209.0,196.0,176.0,191.0,184.0,173.0
541,108.0,95.0,89.0,110.0,80.0,74.0,93.0
542,75.0,56.0,74.0,66.0,84.0,108.0,77.0
543,76.0,56.0,81.0,200.0,201.0,221.0,162.0
544,126.0,128.0,140.0,176.0,213.0,225.0,177.0
545,53.0,86.0,65.0,75.0,104.0,113.0,54.0
546,99.0,85.5,59.0,114.0,93.0,90.0,58.0
547,133.0,127.0,135.0,151.0,148.0,140.0,104.0
548,61.0,38.0,60.0,61.0,85.0,112.0,44.0
549,96.0,73.0,83.0,124.0,96.0,93.0,100.0
550,122.0,103.0,95.0,111.0,129.0,117.0,96.0
551,94.0,106.0,98.0,126.0,188.0,153.0,119.0
552,275.0,256.0,244.0,336.0,371.0,362.0,275.0
553,109.0,97.0,78.0,109.0,188.0,164.0,92.0
554,108.0,86.0,109.0,84.0,161.0,154.0,96.0
555,53.0,54.0,46.0,41.0,53.0,51.0,10.0
556,313.0,306.0,302.0,341.0,261.0,238.0,288.0
557,105.0,90.0,86.0,94.0,105.0,91.0,93.0
558,224.0,213.0,217.0,203.0,40.0,50.0,225.0
559,113.0,122.0,151.0,127.0,181.0,171.0,175.0
560,89.0,61.0,77.0,56.0,1.0,5.0,72.0
561,75.0,60.0,67.0,75.0,19.0,10.0,79.0
562,42.0,51.0,49.0,60.0,56.0,39.0,56.0
563,232.0,190.0,180.0,251.0,342.0,320.0,117.0
564,295.0,305.0,296.0,370.0,310.0,348.0,258.0
565,52.0,69.0,74.0,79.0,93.0,122.0,72.0
566,68.0,65.0,74.0,46.0,55.0,36.0,58.0
567,105.0,109.0,104.0,177.0,210.0,183.0,112.0
568,264.0,230.0,236.0,174.0,193.0,207.0,184.0
569,168.0,154.0,161.0,191.0,216.0,177.0,132.0
570,198.0,140.0,180.0,182.0,113.0,106.0,194.0
571,398.0,393.0,405.0,428.0,495.0,477.0,365.0
572,41.0,45.0,52.0,60.0,48.0,47.0,23.0
573,58.0,46.0,48.0,62.0,67.0,52.0,45.0
574,154.0,173.0,142.0,149.0,127.0,131.0,136.0
575,1.0,58.0,55.0,68.0,87.0,87.0,51.0
576,579.0,503.0,519.0,517.0,761.0,774.0,499.0
577,129.0,119.0,133.0,143.0,84.0,64.0,139.0
578,113.0,104.0,108.0,147.0,184.0,192.0,133.0
579,497.0,488.0,488.0,524.0,816.0,906.0,484.0
580,79.0,62.0,102.0,84.0,61.0,84.0,86.0
581,30.0,34.0,42.0,43.0,83.0,69.0,54.0
582,36.0,29.0,50.0,43.0,100.0,88.0,45.0
583,102.0,144.0,148.0,122.0,158.0,155.0,90.0
584,97.0,68.0,93.0,101.0,100.0,91.0,84.0
585,114.0,63.0,56.0,80.0,89.0,98.0,86.0
586,111.0,105.0,81.0,139.0,175.0,176.0,131.0
587,33.0,26.0,48.0,131.0,72.0,53.0,39.0
588,44.0,51.0,58.0,55.0,53.0,65.0,43.0
589,125.0,115.0,131.0,145.0,142.0,130.0,120.0
590,59.0,53.0,45.0,55.0,91.0,68.0,52.0
591,316.0,237.0,332.0,322.0,514.0,522.0,315.0
592,166.0,199.0,194.0,294.0,412.0,306.0,161.0
593,50.0,45.0,34.0,61.0,164.0,116.0,43.0
594,323.0,453.0,446.0,363.0,128.0,144.0,410.0
595,35.0,43.0,44.0,42.0,32.0,72.0,41.0
596,81.0,55.0,72.0,66.0,74.0,71.0,62.0
597,69.0,81.0,83.0,100.0,94.0,83.0,82.0
598,47.0,41.0,44.0,53.0,49.0,52.0,38.0
599,228.0,212.0,233.0,305.0,277.0,247.0,214.0
600,94.0,132.0,117.0,147.0,93.0,102.0,118.0
601,61.0,59.0,56.0,62.0,93.0,83.0,73.0
602,92.0,70.0,81.0,82.0,92.0,71.0,85.0
603,184.0,160.0,173.0,168.0,105.0,94.0,186.0
604,63.0,63.0,45.0,61.0,89.0,59.0,56.0
605,116.0,111.0,111.0,143.0,66.0,146.0,126.0
606,92.0,87.0,88.0,60.0,88.0,113.0,80.0
607,285.0,282.0,277.0,259.0,274.0,341.0,239.0
608,71.0,61.0,87.0,70.0,110.0,119.0,90.0
609,87.0,87.0,105.0,85.0,128.0,112.0,69.0
610,145.0,118.0,133.0,129.0,188.0,184.0,124.0
611,91.0,83.0,121.0,91.0,121.0,116.0,86.0
612,167.0,146.0,477.0,177.0,211.0,298.0,147.0
613,204.0,112.0,184.0,230.0,179.0,181.0,168.0
614,122.0,112.0,121.0,147.0,175.0,234.0,82.0
615,71.0,79.0,74.0,92.0,132.0,130.0,82.0
616,105.0,143.0,105.0,127.0,70.0,87.0,87.0
617,178.0,141.0,182.0,173.0,77.0,96.0,140.0
618,43.0,42.0,43.0,53.0,72.0,69.0,29.0
619,209.0,129.0,186.0,102.0,129.0,146.0,180.0
620,153.0,161.0,136.0,176.0,136.0,121.0,149.0
621,38.0,34.0,44.0,49.0,66.0,64.0,31.0
622,88.0,79.0,131.0,98.0,159.0,174.0,148.0
623,158.0,90.0,151.0,157.0,119.0,175.0,117.0
624,81.0,95.0,75.0,80.0,110.0,117.0,92.0
625,128.0,125.0,121.0,170.0,133.0,146.0,146.0
626,141.0,157.0,149.0,168.0,206.0,157.0,170.0
627,130.0,135.0,145.0,178.0,321.0,266.0,133.0
628,155.0,90.0,141.0,122.0,205.0,220.0,117.0
629,80.0,85.0,78.0,122.0,155.0,181.0,114.0
630,158.0,168.0,151.0,210.0,189.0,212.0,175.0
631,31.1666666667,12.0,36.0,26.0,26.0,29.0,58.0
632,71.0,61.0,67.0,83.0,121.0,132.0,76.0
633,78.0,67.0,74.0,82.0,79.0,78.0,58.0
634,23.0,45.0,41.0,59.0,55.0,62.0,23.0
635,123.0,90.0,80.0,77.0,110.0,93.0,102.0
636,238.0,221.0,260.0,216.0,159.0,157.0,202.0
637,332.0,311.0,334.0,402.0,293.0,262.0,310.0
638,90.0,63.0,80.0,82.0,108.0,94.0,93.0
639,163.0,162.0,109.0,137.0,176.0,180.0,144.0
640,76.0,62.0,63.0,56.0,54.0,48.0,52.0
641,139.0,138.0,156.0,150.0,159.0,139.0,132.0
642,104.0,115.0,91.0,109.0,89.0,89.0,83.0
643,38.0,40.0,45.0,51.0,74.0,81.0,41.0
644,131.0,124.0,116.0,124.0,110.0,84.0,124.0
645,87.0,54.0,84.0,91.0,64.0,71.0,89.0
646,137.0,119.0,109.0,142.0,177.0,135.0,130.0
647,65.0,85.0,111.0,96.0,116.0,104.0,100.0
648,186.0,170.0,167.0,177.0,95.0,86.0,157.0
649,525.0,571.0,550.0,653.0,898.0,851.0,605.0
650,292.0,290.0,318.0,334.0,193.0,171.0,295.0
651,134.0,133.0,138.0,149.0,243.0,317.0,149.0
652,101.0,97.0,153.0,150.0,109.0,123.0,109.0
653,92.0,57.0,50.0,151.0,142.0,109.0,88.0
654,66.0,63.0,66.0,82.0,70.0,67.0,58.0
655,183.0,280.0,208.0,159.0,148.0,175.0,149.0
656,65.0,81.0,68.0,94.0,103.0,92.0,65.0
657,135.0,152.0,180.0,207.0,207.0,227.0,172.0
658,22.6666666667,21.0,28.0,26.0,17.0,11.0,33.0
659,39.0,28.0,45.0,47.0,61.0,46.0,46.0
660,86.0,76.0,135.0,124.0,161.0,132.0,120.0
661,108.0,99.0,94.0,69.0,52.0,49.0,71.0
662,94.0,70.0,72.0,105.0,110.0,103.0,62.0
663,61.0,54.0,77.0,86.0,92.0,91.0,59.0
664,95.0,65.0,69.0,74.0,108.0,132.0,74.0
665,60.0,87.0,76.0,70.0,66.0,49.0,83.0
666,274.0,291.0,271.0,309.0,250.0,226.0,262.0
667,133.0,108.0,121.0,154.0,435.0,785.0,121.0
668,100.0,78.0,103.0,90.0,127.0,119.0,80.0
669,135.0,138.0,141.0,124.0,238.0,210.0,121.0
670,171.0,181.0,210.0,209.0,184.0,314.0,186.0
671,87.0,102.0,95.0,120.0,208.0,172.0,81.0
672,84.0,102.0,78.0,91.0,100.0,105.0,89.0
673,211.0,191.0,194.0,198.0,84.0,7.0,101.0
674,65.0,60.0,72.0,82.0,84.0,69.0,49.0
675,119.0,109.0,117.0,128.0,170.0,177.0,108.0
676,96.0,126.0,95.0,113.0,149.0,103.0,111.0
677,103.0,109.0,114.0,113.0,73.0,71.0,102.0
678,433.0,466.0,490.0,500.0,679.0,757.0,487.0
679,112.0,90.0,111.0,67.0,120.0,60.0,96.0
680,83.0,76.0,92.0,114.0,99.0,96.0,59.0
681,48.0,47.0,46.0,81.0,93.0,88.0,47.0
682,47.0,27.0,38.0,50.0,116.0,116.0,30.0
683,72.0,70.0,52.0,65.0,80.0,62.0,63.0
684,223.0,239.0,195.0,266.0,510.0,419.0,285.0
685,148.0,118.0,133.0,133.0,174.0,198.0,133.0
686,45.0,61.0,61.0,53.0,65.0,87.0,68.0
687,112.0,113.0,108.0,64.0,103.0,112.0,86.0
688,57.0,53.0,75.0,74.0,85.0,87.0,79.0
689,111.0,84.0,91.0,89.0,153.0,146.0,108.0
690,163.0,184.0,108.0,190.0,244.0,278.0,152.0
691,107.0,77.0,115.0,84.0,110.0,137.0,82.0
692,63.0,55.0,62.0,64.0,57.0,62.0,61.0
693,144.0,138.0,153.0,137.0,106.0,94.0,152.0
694,134.0,141.0,144.0,152.0,300.0,277.0,117.0
695,83.0,95.0,100.0,89.0,86.0,99.0,88.0
696,122.0,124.0,114.0,111.0,64.0,84.0,101.0
697,63.0,50.0,56.0,60.0,61.0,66.0,48.0
698,82.0,77.0,81.0,60.0,94.0,62.0,72.0
699,70.0,65.0,80.0,91.0,114.0,77.0,67.0
700,94.0,102.0,94.0,108.0,109.0,134.0,77.0
701,81.0,89.0,103.0,134.0,152.0,141.0,82.0
702,80.0,80.0,90.0,70.0,49.0,66.0,53.0
703,82.0,87.0,82.0,110.0,63.0,65.0,30.0
704,43.0,43.0,45.0,54.0,137.0,121.0,37.0
705,88.0,83.0,89.0,97.0,67.0,60.0,93.0
706,48.0,59.0,65.0,78.0,57.0,49.0,76.0
707,77.0,56.0,69.0,71.0,103.0,78.0,72.0
708,41.0,41.0,49.0,57.0,77.0,82.0,46.0
709,67.0,58.0,58.0,69.0,81.0,65.0,60.0
710,123.0,133.0,121.0,114.0,64.0,56.0,118.0
711,78.0,78.0,85.0,101.0,150.0,155.0,82.0
712,208.0,209.0,193.0,193.0,188.0,206.0,200.0
713,127.0,144.0,140.0,136.0,239.0,237.0,116.0
714,239.0,178.0,192.0,255.0,353.0,335.0,237.0
715,140.0,156.0,165.0,156.0,111.0,89.0,150.0
716,112.0,88.0,88.0,103.0,156.0,159.0,99.0
717,69.0,46.0,79.0,66.0,81.0,67.0,48.0
718,77.0,97.0,120.0,111.0,155.0,211.0,101.0
719,154.0,181.0,174.0,193.0,144.0,104.0,166.0
720,204.0,198.0,277.0,120.0,220.0,308.0,261.0
721,148.0,115.0,102.0,103.0,54.0,32.0,121.0
722,201.0,161.0,191.0,246.0,311.0,255.0,186.0
723,27.0,42.0,47.0,50.0,57.0,45.0,44.0
724,150.0,138.0,126.0,116.0,121.0,124.0,106.0
725,58.0,66.0,69.0,61.0,57.0,55.0,62.0
726,30.0,37.0,47.0,38.0,66.0,68.0,38.0
727,431.0,453.0,465.0,430.0,414.0,425.0,450.0
728,249.0,198.0,215.0,254.0,324.0,309.0,229.0
729,222.0,204.0,872.0,186.0,275.0,367.0,180.0
730,1882.0,1912.0,1897.0,1872.0,1406.0,1410.0,1794.0
731,90.0,85.0,95.0,142.0,185.0,227.0,100.0
732,140.0,153.0,158.0,173.0,195.0,158.0,167.0
733,118.0,106.0,100.0,173.0,130.0,245.0,135.0
734,122.0,95.0,80.0,89.0,88.0,64.0,68.0
735,105.0,133.0,119.0,136.0,171.0,166.0,106.0
736,332.0,430.0,419.0,421.0,466.0,468.0,395.0
737,116.0,123.0,122.0,154.0,205.0,258.0,159.0
738,67.0,62.0,57.0,90.0,91.0,133.0,73.0
739,80.0,88.0,78.0,136.0,160.0,94.0,72.0
740,68.0,47.0,54.0,60.0,105.0,94.0,71.0
741,652.0,500.0,578.0,693.0,626.0,576.0,651.0
742,106.0,113.0,112.0,103.0,34.0,36.0,111.0
743,62.0,72.0,78.0,104.0,165.0,158.0,60.0
744,95.0,77.0,89.0,96.0,56.0,29.0,87.0
745,65.0,74.0,91.0,88.0,109.0,82.0,60.0
746,377.0,255.0,386.0,423.0,537.0,575.0,448.0
747,107.0,118.0,132.0,152.0,174.0,150.0,113.0
748,24.0,29.0,30.0,22.0,31.0,27.0,31.0
749,147.0,148.0,145.0,145.0,144.0,121.0,108.0
750,113.0,76.0,63.0,80.0,97.0,116.0,84.0
751,110.0,110.0,152.0,126.0,161.0,141.0,1.0
752,65.0,74.0,58.0,72.0,88.0,62.0,56.0
753,148.0,146.0,150.0,136.0,116.0,150.0,127.0
754,83.0,99.0,103.0,97.0,140.0,132.0,71.0
755,178.0,150.0,172.0,164.0,145.0,125.0,184.0
756,140.0,121.0,126.0,155.0,194.0,226.0,157.0
757,74.0,85.0,60.0,51.0,47.0,54.0,67.0
758,129.0,109.0,125.0,107.0,137.0,104.0,115.0
759,110.0,93.0,102.0,120.0,183.0,170.0,92.0
760,86.0,96.0,86.0,97.0,99.0,108.0,100.0
761,116.0,119.0,97.0,148.0,184.0,135.0,114.0
762,113.0,83.0,106.0,134.0,134.0,139.0,105.0
763,75.0,63.0,52.0,76.0,98.0,105.0,62.0
764,116.0,98.0,106.0,94.0,65.0,78.0,114.0
765,39.0,49.0,42.0,64.0,86.0,69.0,39.0
766,70.0,56.0,62.0,72.0,62.0,61.0,48.0
767,87.0,108.0,126.0,142.0,119.0,124.0,180.0
768,107.0,141.0,148.0,244.0,222.0,217.0,114.0
769,45.0,63.0,38.0,47.0,66.0,55.0,50.0
770,88.0,103.0,97.0,121.0,126.0,126.0,82.0
771,145.0,139.0,141.0,171.0,205.0,194.0,134.0
772,134.0,116.0,128.0,162.0,228.0,227.0,130.0
773,139.0,190.0,150.0,158.0,108.0,133.0,178.0
774,324.0,378.0,327.0,409.0,355.0,318.0,344.0
775,163.0,163.0,164.0,166.0,345.0,394.0,232.0
776,194.0,281.0,176.0,208.0,136.0,120.0,168.0
777,137.0,138.0,136.0,140.0,89.0,92.0,126.0
778,238.0,270.0,232.0,244.0,220.0,225.0,168.0
779,125.0,94.0,109.0,101.0,116.0,106.0,129.0
780,146.0,151.0,135.0,210.0,248.0,245.0,110.0
781,34.0,41.0,29.0,41.0,35.0,42.0,26.0
782,100.0,122.0,116.0,114.0,86.0,84.0,94.0
783,60.0,72.0,64.0,92.0,63.0,59.0,35.0
784,74.0,73.0,77.0,68.0,86.0,63.0,64.0
785,42.0,42.0,56.0,53.0,67.0,89.0,28.0
786,80.0,101.0,78.0,92.0,123.0,122.0,89.0
787,323.0,350.0,365.0,392.0,251.0,227.0,345.0
788,201.0,207.0,226.0,229.0,122.0,72.0,208.0
789,64.0,53.0,37.0,39.0,61.0,65.0,48.0
790,80.0,69.0,90.0,124.0,112.0,109.0,68.0
791,191.0,181.0,210.0,194.0,120.0,111.0,181.0
792,34.0,44.0,49.0,68.0,108.0,106.0,54.0
793,240.0,248.0,231.0,214.0,141.0,152.0,238.0
794,125.0,88.0,101.0,126.0,72.0,80.0,103.0
795,41.0,56.0,61.0,88.0,98.0,132.0,66.0
796,84.0,81.0,90.0,82.0,126.0,112.0,60.0
797,87.0,98.0,77.0,66.0,38.0,29.0,80.0
798,84.0,72.0,101.0,130.0,159.0,156.0,99.0
799,194.0,124.0,154.0,198.0,284.0,246.0,147.0
800,49.0,85.0,103.0,96.0,144.0,131.0,94.0
801,63.0,53.0,63.0,74.0,119.0,112.0,53.0
802,282.0,268.0,326.0,227.0,147.0,142.0,298.0
803,107.0,27.0,80.0,98.0,116.0,88.0,128.0
804,210.0,182.0,190.0,212.0,138.0,108.0,173.0
805,439.0,386.0,470.0,466.0,813.0,815.0,466.0
806,51.0,35.0,88.0,61.0,114.0,111.0,51.0
807,210.0,230.0,282.0,462.0,368.0,330.0,263.0
808,51.0,57.0,59.0,79.0,80.0,64.0,42.0
809,7.0,5.0,4.0,6.0,9.0,6.0,11.0
810,33.0,19.0,20.0,47.0,63.0,49.0,63.0
811,184.0,189.0,183.0,305.0,85.0,43.0,182.0
812,60.0,68.0,49.0,80.0,78.0,67.0,72.0
813,234.0,218.0,223.0,188.0,165.0,161.0,175.0
814,46.0,51.0,46.0,69.0,58.0,105.0,48.0
815,293.0,230.0,308.0,297.0,428.0,387.0,295.0
816,131.0,80.0,107.0,108.0,113.0,137.0,145.0
817,45.0,67.0,52.0,89.0,114.0,94.0,59.0
818,85.0,123.0,81.0,103.0,49.0,26.0,91.0
819,182.0,226.0,224.0,209.0,239.0,226.0,213.0
820,152.0,101.0,131.0,117.0,252.0,224.0,135.0
821,65.0,66.0,80.0,72.0,105.0,115.0,73.0
822,78.0,87.0,81.0,89.0,83.0,78.0,85.0
823,118.0,113.0,109.0,121.0,136.0,138.0,89.0
824,530.0,653.0,765.0,669.0,763.0,868.0,772.0
825,91.0,127.0,109.0,129.0,148.0,148.0,156.0
826,61.0,53.0,52.0,66.0,39.0,46.0,57.0
827,46.0,62.0,67.0,57.0,55.0,52.0,55.0
828,326.0,253.0,318.0,276.0,308.0,389.0,247.0
829,73.0,58.0,59.0,91.0,109.0,124.0,80.0
830,240.0,191.0,225.0,261.0,253.0,266.0,185.0
831,50.0,70.0,72.0,77.0,69.0,55.0,50.0
832,58.0,47.0,52.0,51.0,78.0,52.0,55.0
833,72.0,51.0,73.0,92.0,122.0,136.0,52.0
834,119.0,113.0,109.0,135.0,188.0,149.0,142.0
835,66.0,80.0,80.0,90.0,133.0,140.0,84.0
836,103.0,101.0,129.0,90.0,67.0,82.0,105.0
837,133.0,132.0,122.0,152.0,127.0,118.0,133.0
838,65.0,149.0,148.0,119.0,159.0,172.0,74.0
839,207.0,244.0,223.0,384.0,254.0,253.0,238.0
840,37.0,27.0,39.0,35.0,34.0,43.0,36.0
841,32.0,32.0,24.0,34.0,77.0,74.0,26.0
842,56.0,65.0,60.0,76.0,91.0,96.0,54.0
843,70.0,87.0,52.0,73.0,123.0,117.0,80.0
844,58.0,57.0,51.0,53.0,53.0,52.0,66.0
845,47.0,46.0,53.0,64.0,94.0,77.0,45.0
846,55.0,52.0,64.0,64.0,142.0,136.0,37.0
847,150.0,139.0,164.0,165.0,81.0,99.0,162.0
848,71.0,81.0,64.0,92.0,158.0,130.0,76.0
849,152.0,153.0,170.0,297.0,231.0,259.0,186.0
850,94.0,70.0,66.0,76.0,88.0,104.0,85.0
851,89.0,80.0,87.0,117.0,184.0,227.0,97.0
852,82.0,94.0,92.0,118.0,180.0,169.0,73.0
853,462.0,449.0,458.0,457.0,587.0,642.0,513.0
854,51.0,57.0,40.0,45.0,41.0,49.0,35.0
855,45.0,50.0,43.0,48.0,64.0,76.0,44.0
856,47.0,58.0,49.0,55.0,81.0,84.0,58.0
857,46.0,55.0,101.0,136.0,141.0,139.0,103.0
858,106.0,58.0,109.0,83.0,123.0,117.0,117.0
859,554.0,442.0,569.0,588.0,839.0,872.0,600.0
860,121.0,101.0,137.0,119.0,145.0,157.0,120.0
861,164.0,144.0,184.0,199.0,209.0,243.0,183.0
862,74.0,54.0,84.0,54.0,47.0,65.0,73.0
863,681.0,391.0,532.0,729.0,617.0,666.0,582.0
864,228.0,194.0,234.0,230.0,371.0,397.0,207.0
865,307.0,277.0,272.0,277.0,105.0,50.0,279.0
866,177.0,164.0,138.0,162.0,137.0,125.0,146.0
867,288.0,229.0,245.0,253.0,267.0,223.0,253.0
868,266.0,275.0,280.0,384.0,436.0,420.0,318.0
869,226.0,163.0,247.0,213.0,265.0,295.0,241.0
870,71.0,54.0,68.0,80.0,80.0,114.0,62.0
871,325.0,359.0,308.0,207.0,105.0,46.0,280.0
872,182.0,169.0,190.0,135.0,111.0,166.0,171.0
873,211.0,243.0,225.0,223.0,215.0,166.0,160.0
874,137.0,104.0,106.0,83.0,58.0,65.0,91.0
875,318.0,272.0,281.0,272.0,259.0,298.0,276.0
876,210.0,228.0,202.0,233.0,187.0,175.0,232.0
877,53.0,53.0,53.0,52.0,62.0,36.0,44.0
878,41.0,54.0,49.0,70.0,70.0,78.0,37.0
879,80.0,52.0,87.0,74.0,67.0,75.0,62.0
880,109.0,102.0,112.0,134.0,126.0,132.0,101.0
881,123.0,100.0,79.0,104.0,134.0,110.0,76.0
882,102.0,63.0,88.0,81.0,84.0,109.0,89.0
883,172.0,161.0,157.0,160.0,118.0,147.0,163.0
884,126.0,113.0,118.0,135.0,160.0,155.0,109.0
885,78.0,76.0,66.0,63.0,90.0,91.0,62.0
886,54.0,36.0,35.0,47.0,134.0,130.0,47.0
887,106.0,84.0,99.0,78.0,66.0,57.0,104.0
888,115.0,67.0,108.0,114.0,155.0,144.0,107.0
889,42.0,43.0,37.0,37.0,53.0,33.0,43.0
890,496.0,580.0,601.0,726.0,1033.0,1025.0,580.0
891,210.0,204.0,200.0,212.0,152.0,156.0,165.0
892,56.0,44.0,57.0,58.0,91.0,74.0,45.0
893,96.0,109.0,100.0,110.0,88.0,105.0,99.0
894,154.0,168.0,149.0,199.0,175.0,109.0,177.0
895,116.0,91.0,101.0,101.0,72.0,74.0,96.0
896,264.0,294.0,259.0,364.0,582.0,570.0,279.0
897,141.0,104.0,118.0,97.0,84.0,56.0,97.0
898,116.0,111.0,75.0,118.0,194.0,222.0,114.0
899,544.0,555.0,599.0,654.0,986.0,944.0,582.0
900,139.0,143.0,128.0,154.0,156.0,142.0,138.0
901,73.0,88.0,82.0,80.0,52.0,36.0,96.0
902,75.0,87.0,56.0,97.0,47.0,55.0,82.0
903,69.0,86.0,82.0,78.0,227.0,223.0,91.0
904,75.0,78.0,78.0,98.0,121.0,124.0,94.0
905,128.0,115.0,136.0,132.0,140.0,137.0,109.0
906,87.0,92.0,69.0,92.0,126.0,118.0,76.0
907,70.0,58.0,100.0,63.0,73.0,87.0,78.0
908,121.0,123.0,119.0,125.0,165.0,149.0,115.0
909,259.0,152.0,198.0,279.0,289.0,315.0,204.0
910,71.0,49.0,78.0,59.0,60.0,81.0,70.0
911,122.0,148.0,122.0,139.0,165.0,146.0,140.0
912,56.0,59.0,72.0,121.0,217.0,167.0,71.0
913,61.0,59.0,55.0,77.0,49.0,68.0,55.0
914,87.0,106.0,90.0,105.0,214.0,208.0,118.0
915,350.0,367.0,269.0,339.0,375.0,365.0,266.0
916,91.0,83.0,79.0,92.0,45.0,55.0,62.0
917,73.0,93.0,63.0,87.0,132.0,120.0,87.0
918,60.0,52.0,49.0,74.0,81.0,87.0,39.0
919,106.0,50.0,85.0,103.0,57.0,63.0,107.0
920,169.0,149.0,153.0,151.0,167.0,161.0,184.0
921,81.0,65.0,96.0,87.0,105.0,122.0,81.0
922,109.0,113.0,99.0,123.0,253.0,157.0,125.0
923,124.0,104.0,114.0,83.0,57.0,63.0,122.0
924,96.0,110.0,111.0,135.0,43.0,45.0,114.0
925,96.0,77.0,70.0,77.0,101.0,91.0,84.0
926,41.0,50.0,64.0,58.0,79.0,61.0,57.0
927,121.0,112.0,99.0,130.0,129.0,125.0,95.0
928,38.0,45.0,48.0,41.0,84.0,68.0,48.0
929,64.0,49.0,84.0,58.0,85.0,62.0,76.0
930,170.0,185.0,97.0,163.0,176.0,152.0,152.0
931,66.0,49.0,70.0,56.0,46.0,63.0,57.0
932,92.0,92.0,129.0,103.0,120.0,109.0,88.0
933,660.0,558.0,697.0,629.0,831.0,958.0,652.0
934,138.0,167.0,104.0,127.0,90.0,104.0,92.0
935,37.0,31.0,50.0,54.0,115.0,90.0,41.0
936,82.0,80.0,120.0,145.0,306.0,176.0,71.0
937,99.0,68.0,91.0,85.0,92.0,110.0,89.0
938,164.0,159.0,181.0,170.0,116.0,127.0,128.0
939,112.0,87.0,113.0,87.0,96.0,131.0,123.0
940,35.0,36.0,34.0,54.0,72.0,66.0,56.0
941,57.0,62.0,45.0,72.0,87.0,83.0,57.0
942,111.0,70.0,85.0,86.0,172.0,152.0,76.0
943,54.0,41.0,64.0,62.0,57.0,56.0,43.0
944,81.0,62.0,57.0,80.0,92.0,106.0,80.0
945,101.0,96.0,95.0,107.0,128.0,161.0,69.0
946,80.0,74.0,83.0,91.0,58.0,53.0,80.0
947,80.0,77.0,85.0,78.0,56.0,113.0,82.0
948,71.0,64.0,62.0,75.0,83.0,83.0,59.0
949,171.0,139.0,169.0,161.0,145.0,174.0,145.0
950,174.0,144.0,172.0,230.0,290.0,221.0,157.0
951,106.0,96.0,123.0,119.0,69.0,80.0,84.0
952,185.0,129.0,159.0,173.0,193.0,183.0,164.0
953,99.0,96.0,105.0,80.0,110.0,97.0,87.0
954,103.0,110.0,116.0,114.0,135.0,215.0,110.0
955,26.0,41.0,27.0,35.0,46.0,59.0,18.0
956,150.0,161.0,204.0,211.0,275.0,303.0,235.0
957,162.0,166.0,150.0,161.0,96.0,55.0,122.0
958,217.0,223.0,238.0,203.0,209.0,238.0,203.0
959,98.0,83.0,79.0,92.0,66.0,57.0,79.0
960,281.0,283.0,306.0,322.0,370.0,287.0,263.0
961,100.0,104.0,99.0,134.0,133.0,130.0,111.0
962,140.0,109.0,122.0,139.0,57.0,57.0,170.0
963,129.0,146.0,167.0,236.0,163.0,181.0,140.0
964,78.0,69.0,76.0,83.0,87.0,90.0,74.0
965,113.0,109.0,96.0,83.0,94.0,122.0,110.0
966,114.0,89.0,104.0,93.0,99.0,72.0,114.0
967,131.0,125.0,128.0,132.0,152.0,120.0,127.0
968,123.0,134.0,132.0,158.0,206.0,177.0,145.0
969,121.0,117.0,126.0,127.0,54.0,68.0,108.0
970,101.0,102.0,106.0,99.0,122.0,130.0,103.0
971,145.0,201.0,186.0,197.0,218.0,235.0,160.0
972,197.0,172.0,184.0,202.0,182.0,189.0,192.0
973,154.0,149.0,148.0,124.0,109.0,110.0,165.0
974,132.0,117.0,128.0,156.0,143.0,124.0,130.0
975,83.0,93.0,78.0,69.0,76.0,64.0,79.0
976,108.0,116.0,116.0,117.0,103.0,96.0,98.0
977,187.0,183.0,183.0,215.0,158.0,154.0,157.0
978,124.0,77.0,103.0,114.0,159.0,184.0,121.0
979,68.0,110.0,111.0,113.0,142.0,111.0,89.0
980,54.0,60.0,62.0,100.0,73.0,81.0,42.0
981,99.0,101.0,116.0,118.0,106.0,111.0,70.0
982,78.0,64.0,69.0,88.0,84.0,85.0,57.0
983,98.0,95.0,100.0,124.0,145.0,167.0,77.0
984,354.0,355.0,281.0,327.0,236.0,178.0,232.0
985,162.0,167.0,93.0,100.0,127.0,127.0,188.0
986,97.0,80.0,99.0,103.0,37.0,37.0,75.5
987,284.0,200.0,341.0,305.0,254.0,210.0,304.0
988,131.0,166.0,143.0,194.0,141.0,122.0,182.0
989,87.0,108.0,83.0,150.0,245.0,213.0,81.0
990,84.0,126.0,93.0,110.0,138.0,150.0,111.0
991,130.0,143.0,145.0,150.0,75.0,65.0,124.0
992,89.0,56.0,47.0,71.0,75.0,68.0,66.0
993,84.0,82.0,82.0,87.0,130.0,126.0,79.0
994,137.0,157.0,124.0,130.0,173.0,148.0,158.0
995,63.0,55.0,53.0,85.0,69.0,44.0,72.0
996,93.0,116.0,104.0,119.0,123.0,115.0,121.0
997,125.0,106.0,476.0,116.0,225.0,252.0,137.0
998,358.0,340.0,327.0,369.0,152.0,109.0,345.0
999,56.0,63.0,51.0,87.0,112.0,137.0,75.0
1000,35.0,30.0,27.0,50.0,85.0,53.0,39.0
1001,51.0,47.0,24.0,75.0,132.0,92.0,21.0
1002,57.0,45.0,40.0,60.0,96.0,80.0,47.0
1003,152.0,169.0,158.0,181.0,123.0,125.0,142.0
1004,136.0,114.0,145.0,102.0,70.0,97.0,128.0
1005,67.0,59.0,75.0,59.0,66.0,53.0,62.0
1006,119.0,109.0,124.0,120.0,131.0,116.0,118.0
1007,67.0,54.0,56.0,89.0,108.0,80.0,73.0
1008,51.0,41.0,46.0,76.0,120.0,137.0,54.0
1009,43.0,49.0,51.0,38.0,86.0,87.0,51.0
1010,169.0,113.0,125.0,113.0,118.0,116.0,102.0
1011,196.0,173.0,194.0,170.0,196.0,177.0,190.0
1012,129.0,149.0,138.0,136.0,103.0,87.0,140.0
1013,68.0,67.0,56.0,66.0,62.0,85.0,64.0
1014,104.0,106.0,91.0,101.0,90.0,95.0,107.0
1015,72.0,72.0,58.0,56.0,52.0,76.0,53.0
1016,134.0,112.0,135.0,146.0,147.0,146.0,125.0
1017,340.0,359.0,339.0,373.0,567.0,698.0,344.0
1018,122.0,129.0,115.0,125.0,147.0,194.0,82.0
1019,47.0,57.0,46.0,69.0,55.0,49.0,55.0
1020,106.0,102.0,148.0,118.0,166.0,176.0,113.0
1021,119.0,96.0,124.0,109.0,138.0,134.0,84.0
1022,38.0,30.0,28.0,43.0,48.0,49.0,36.0
1023,64.0,64.0,69.0,37.0,61.0,58.0,58.0
1024,146.0,134.0,133.0,151.0,180.0,197.0,130.0
1025,89.0,102.0,82.0,193.0,99.0,138.0,79.0
1026,117.0,119.0,126.0,152.0,154.0,157.0,159.0
1027,69.0,87.0,60.0,82.0,26.0,23.0,49.0
1028,91.0,77.0,92.0,95.0,47.0,41.0,81.0
1029,163.0,170.0,142.0,151.0,43.0,36.0,132.0
1030,39.0,34.0,43.0,43.0,68.0,78.0,52.0
1031,44.0,61.0,63.0,77.0,52.0,68.0,32.0
1032,48.0,59.0,51.0,72.0,80.0,75.0,58.0
1033,95.0,101.0,91.0,132.0,126.0,131.0,85.0
1034,135.0,139.0,151.0,178.0,294.0,254.0,114.0
1035,80.0,84.0,86.0,96.0,89.0,108.0,95.0
1036,73.0,89.0,62.0,72.0,93.0,124.0,56.0
1037,166.0,161.0,151.0,145.0,190.0,182.0,128.0
1038,320.0,310.0,291.0,337.0,201.0,234.0,333.0
1039,44.0,56.0,45.0,76.0,120.0,113.0,45.0
1040,127.0,184.0,153.0,150.0,208.0,197.0,127.0
1041,112.0,91.0,100.0,125.0,182.0,155.0,108.0
1042,132.0,177.0,157.0,208.0,300.0,232.0,166.0
1043,63.0,75.0,70.0,74.0,79.0,97.0,48.0
1044,115.0,100.0,96.0,135.0,174.0,210.0,107.0
1045,53.0,61.0,64.0,53.0,61.0,53.0,42.0
1046,163.0,171.0,145.0,154.0,87.0,85.0,169.0
1047,65.0,71.0,65.0,59.0,55.0,56.0,71.0
1048,107.0,120.0,125.0,131.0,114.0,119.0,86.0
1049,56.0,13.0,33.0,28.0,43.0,43.0,55.0
1050,53.0,33.0,48.0,44.0,46.0,66.0,43.0
1051,253.0,263.0,246.0,258.0,425.0,451.0,233.0
1052,86.0,72.0,98.0,81.0,105.0,116.0,107.0
1053,106.0,101.0,105.0,78.0,117.0,86.0,112.0
1054,83.0,62.0,62.0,113.0,150.0,134.0,66.0
1055,71.0,44.0,64.0,80.0,137.0,118.0,74.0
1056,97.0,84.0,77.0,96.0,117.0,113.0,93.0
1057,53.0,100.0,104.0,45.0,27.0,57.0,19.0
1058,92.0,78.0,105.0,97.0,148.0,126.0,104.0
1059,240.0,219.0,244.0,201.0,190.0,177.0,234.0
1060,165.0,143.0,123.0,177.0,174.0,186.0,120.0
1061,83.0,86.0,73.0,105.0,96.0,81.0,81.0
1062,39.0,49.0,30.0,55.0,83.0,72.0,45.0
1063,45.0,66.0,63.0,78.0,67.0,61.0,48.0
1064,94.0,95.0,106.0,97.0,83.0,104.0,98.0
1065,177.0,183.0,186.0,183.0,234.0,209.0,151.0
1066,226.0,201.0,163.0,176.0,140.0,190.0,183.0
1067,46.0,52.0,52.0,76.0,56.0,40.0,53.0
1068,116.0,118.0,124.0,138.0,242.0,177.0,127.0
1069,85.0,90.0,89.0,74.0,86.0,104.0,87.0
1070,477.0,463.0,452.0,346.0,322.0,414.0,381.0
1071,555.0,479.0,504.0,426.0,389.0,362.0,444.0
1072,69.0,70.0,75.0,56.0,77.0,67.0,63.0
1073,80.0,59.0,89.0,160.0,209.0,197.0,113.0
1074,56.0,59.0,58.0,81.0,74.0,80.0,47.0
1075,83.0,88.0,78.0,72.0,91.0,123.0,83.0
1076,54.0,61.0,61.0,62.0,64.0,70.0,41.0
1077,107.0,126.0,108.0,87.0,93.0,100.0,122.0
1078,55.0,52.0,57.0,72.0,48.0,48.0,63.0
1079,38.0,35.0,50.0,36.0,43.0,55.0,43.0
1080,61.0,69.0,86.0,66.0,83.0,80.0,67.0
1081,76.0,77.0,78.0,63.0,77.0,64.0,47.0
1082,130.0,152.0,118.0,119.0,134.0,106.0,118.0
1083,98.0,60.0,73.0,94.0,148.0,145.0,90.0
1084,105.0,115.0,118.0,202.0,273.0,262.0,133.0
1085,84.0,83.0,34.0,117.0,90.0,86.0,66.0
1086,66.0,56.0,62.0,85.0,154.0,125.0,56.0
1087,101.0,29.0,112.0,131.0,126.0,152.0,114.0
1088,48.0,31.0,50.0,44.0,84.0,70.0,46.0
1089,405.0,444.0,389.0,409.0,205.0,102.0,360.0
1090,91.0,86.0,101.0,73.0,98.0,86.0,83.0
1091,137.0,152.0,124.0,145.0,178.0,198.0,122.0
1092,197.0,207.0,179.0,171.0,72.0,43.0,120.0
1093,144.0,105.0,121.0,152.0,194.0,222.0,127.0
1094,104.0,108.0,78.0,90.0,140.0,115.0,80.0
1095,136.0,99.0,105.0,132.0,139.0,104.0,141.0
1096,33.0,39.0,44.0,59.0,43.0,60.0,39.0
1097,196.0,196.0,207.0,141.0,143.0,211.0,235.0
1098,87.0,108.0,77.0,95.0,77.0,78.0,71.0
1099,29.0,22.0,33.0,36.0,79.0,46.0,18.0
1100,107.0,79.0,81.0,112.0,161.0,154.0,78.0
1101,140.0,175.0,170.0,237.0,269.0,220.0,119.0
1102,53.0,54.0,49.0,63.0,54.0,53.0,74.0
1103,238.0,164.0,233.0,264.0,489.0,531.0,256.0
1104,105.0,88.0,104.0,110.0,102.0,94.0,77.0
1105,105.0,97.0,105.0,103.0,66.0,52.0,90.0
1106,23.0,26.0,24.0,48.0,54.0,55.0,19.0
1107,103.0,100.0,103.0,149.0,191.0,176.0,105.0
1108,122.0,122.0,128.0,139.0,161.0,156.0,122.0
1109,176.0,213.0,197.0,200.0,167.0,131.0,212.0
1110,62.0,58.0,78.0,60.0,58.0,61.0,55.0
1111,69.0,91.0,86.0,89.0,87.0,65.0,74.0
1112,204.0,169.0,182.0,148.0,203.0,169.0,176.0
1113,228.0,172.0,230.0,227.0,144.0,151.0,237.0
1114,40.0,46.0,40.0,36.0,45.0,70.0,43.0
1115,344.0,315.0,347.0,305.0,208.0,236.0,346.0
1116,255.0,288.0,312.0,274.0,286.0,248.0,265.0
1117,91.0,104.0,117.0,120.0,249.0,241.0,98.0
1118,71.0,70.0,70.0,91.0,73.0,111.0,71.0
1119,49.0,35.0,41.0,46.0,65.0,64.0,36.0
1120,119.0,132.0,105.0,117.0,149.0,139.0,127.0
1121,131.0,134.0,140.0,138.0,135.0,137.0,149.0
1122,391.0,427.0,548.0,503.0,521.0,134.0,510.0
1123,27.0,13.0,27.0,38.0,67.0,78.0,31.0
1124,198.0,197.0,269.0,353.0,257.0,288.0,195.0
1125,95.0,75.0,79.0,107.0,118.0,122.0,84.0
1126,81.0,97.0,85.0,117.0,156.0,160.0,91.0
1127,80.0,54.0,68.0,80.0,87.0,108.0,63.0
1128,96.0,100.0,96.0,120.0,141.0,163.0,69.0
1129,96.0,132.0,112.0,100.0,83.0,91.0,93.0
1130,232.0,223.0,224.0,237.0,128.0,86.0,217.0
1131,75.0,62.0,70.0,64.0,64.0,75.0,72.0
1132,69.0,57.0,58.0,50.0,53.0,61.0,52.0
1133,80.0,74.0,70.0,83.0,113.0,98.0,57.0
1134,149.0,127.0,122.0,157.0,213.0,245.0,118.0
1135,212.0,218.0,224.0,216.0,199.0,225.0,207.0
1136,62.0,59.0,60.0,73.0,93.0,82.0,78.0
1137,59.0,49.0,68.0,77.0,58.0,54.0,55.0
1138,43.0,58.0,67.0,77.0,73.0,77.0,62.0
1139,151.0,187.0,188.0,201.0,30.0,56.0,199.0
1140,85.0,93.0,81.0,123.0,125.0,125.0,93.0
1141,48.0,60.0,53.0,76.0,112.0,112.0,77.0
1142,61.0,68.0,68.0,93.0,107.0,95.0,75.0
1143,57.0,51.0,29.0,81.0,161.0,196.0,53.0
1144,67.0,46.0,55.0,110.0,390.0,386.0,310.0
1145,184.0,148.0,199.0,171.0,206.0,199.0,198.0
1146,439.0,253.0,362.0,372.0,298.0,344.0,313.0
1147,76.0,71.0,70.0,77.0,71.0,80.0,69.0
1148,90.0,85.0,77.0,74.0,89.0,79.0,66.0
1149,318.0,263.0,357.0,306.0,478.0,462.0,312.0
1150,154.0,132.0,142.0,146.0,111.0,90.0,143.0
1151,190.0,148.0,163.0,211.0,284.0,302.0,170.0
1152,252.0,253.0,239.0,246.0,243.0,217.0,210.0
1153,97.0,86.0,97.0,89.0,112.0,124.0,87.0
1154,48.0,49.0,62.0,35.0,41.0,43.0,53.0
1155,50.0,80.0,57.0,92.0,60.0,73.0,37.0
1156,88.0,89.0,83.0,81.0,50.0,50.0,87.0
1157,59.0,58.0,72.0,72.0,65.0,75.0,67.0
1158,82.0,79.0,56.0,71.0,86.0,108.0,58.0
1159,60.0,43.0,66.0,59.0,52.0,46.0,62.0
1160,58.0,62.0,78.0,172.0,194.0,243.0,84.0
1161,63.0,62.0,77.0,92.0,116.0,131.0,73.0
1162,114.0,69.0,102.0,78.6666666667,28.0,38.0,121.0
1163,61.0,64.0,76.0,77.0,21.0,24.0,73.0
1164,70.0,72.0,83.0,61.0,75.0,81.0,65.0
1165,79.0,64.0,86.0,88.0,115.0,97.0,67.0
1166,74.0,79.0,67.0,76.0,95.0,89.0,68.0
1167,206.0,224.0,191.0,298.0,301.0,327.0,200.0
1168,143.0,133.0,173.0,123.0,125.0,106.0,141.0
1169,58.0,60.0,65.0,49.0,65.0,73.0,53.0
1170,49.0,39.0,44.0,62.0,84.0,85.0,41.0
1171,42.0,70.0,61.0,54.0,106.0,84.0,41.0
1172,87.0,80.0,95.0,94.0,132.0,124.0,76.0
1173,136.0,117.0,122.0,123.0,81.0,51.0,132.0
1174,197.0,174.0,205.0,230.0,261.0,274.0,178.0
1175,92.0,112.0,106.0,121.0,221.0,203.0,103.0
1176,105.0,105.0,101.0,89.0,118.0,139.0,100.0
1177,221.0,227.0,229.0,211.0,57.0,51.0,250.0
1178,99.0,102.0,128.0,150.0,140.0,120.0,106.0
1179,111.0,95.0,122.0,128.0,178.0,191.0,128.0
1180,160.0,177.0,184.0,170.0,196.0,196.0,164.0
1181,44.0,55.0,49.0,56.0,80.0,72.0,54.0
1182,41.0,39.0,48.0,41.0,54.0,69.0,59.0
1183,114.0,124.0,114.0,138.0,176.0,167.0,127.0
1184,341.0,239.166666667,346.0,312.0,80.0,95.0,261.0
1185,69.0,76.0,81.0,77.0,66.0,64.0,61.0
1186,85.0,61.0,76.0,79.0,140.0,105.0,81.0
1187,123.0,124.0,141.0,137.0,104.0,119.0,114.0
1188,80.0,104.0,85.0,131.0,87.0,85.0,124.0
1189,404.0,270.0,362.0,436.0,470.0,475.0,294.0
1190,62.0,57.0,69.0,58.0,71.0,61.0,63.0
1191,68.0,63.0,103.0,105.0,105.0,126.0,90.0
1192,129.0,105.0,115.0,148.0,127.0,91.0,129.0
1193,200.0,117.0,194.0,177.0,196.0,238.0,211.0
1194,53.0,48.0,44.0,62.0,110.0,107.0,69.0
1195,87.0,86.0,88.0,90.0,118.0,92.0,91.0
1196,113.0,113.0,130.0,152.0,179.0,143.0,111.0
1197,76.0,51.0,59.0,63.0,52.0,59.0,59.0
1198,154.0,158.0,143.0,158.0,63.0,45.0,136.0
1199,58.0,52.0,84.0,80.0,61.0,71.0,59.0
1200,94.0,90.0,120.0,151.0,216.0,204.0,130.0
1201,32.0,37.0,34.0,46.0,43.0,50.0,44.0
1202,135.0,150.0,140.0,196.0,289.0,275.0,140.0
1203,110.0,93.0,98.0,114.0,183.0,153.0,133.0
1204,98.0,91.0,80.0,70.0,89.0,95.0,74.0
1205,67.0,66.0,47.0,47.0,55.0,69.0,29.0
1206,53.0,53.0,48.0,59.0,109.0,89.0,63.0
1207,121.0,114.0,108.0,153.0,195.0,220.0,110.0
1208,50.0,55.0,50.0,68.0,60.0,70.0,58.0
1209,57.0,63.0,46.0,96.0,109.0,119.0,56.0
1210,183.0,169.0,167.0,244.0,301.0,413.0,201.0
1211,81.0,58.0,71.0,77.0,87.0,99.0,64.0
1212,264.0,261.0,256.0,278.0,134.0,131.0,242.0
1213,118.0,102.0,116.0,86.0,11.0,9.0,110.0
1214,43.0,34.0,52.0,51.0,59.0,61.0,37.0
1215,96.0,87.0,113.0,93.0,79.0,79.0,81.0
1216,152.0,146.0,135.0,264.0,173.0,145.0,141.0
1217,165.0,137.0,36.0,18.0,19.0,24.0,21.0
1218,45.0,51.0,62.0,64.0,97.0,61.0,54.0
1219,216.0,223.0,224.0,229.0,72.0,74.0,189.0
1220,188.0,134.0,189.0,214.0,277.0,294.0,228.0
1221,69.0,82.0,75.0,77.0,88.0,104.0,68.0
1222,143.0,169.0,169.0,155.0,82.0,92.0,127.0
1223,101.0,133.0,111.0,152.0,96.0,104.0,101.0
1224,87.0,79.0,86.0,73.0,57.0,38.0,90.0
1225,468.0,378.0,474.0,460.0,601.0,640.0,454.0
1226,119.0,122.0,93.0,113.0,128.0,144.0,116.0
1227,102.0,93.0,131.0,109.0,114.0,137.0,103.0
1228,671.0,677.0,657.0,549.0,629.0,608.0,688.0
1229,63.0,61.0,57.0,66.0,92.0,52.0,60.0
1230,136.0,125.0,151.0,183.0,148.0,81.0,116.0
1231,65.0,76.0,66.0,70.0,60.0,49.0,84.0
1232,57.0,80.0,74.0,73.0,89.0,96.0,50.0
1233,30.0,33.0,39.0,48.0,73.0,62.0,33.0
1234,96.0,83.0,92.0,93.0,109.0,69.0,84.0
1235,124.0,129.0,95.0,95.0,126.0,143.0,112.0
1236,75.0,56.0,46.0,70.0,86.0,70.0,67.0
1237,117.0,74.0,115.0,84.0,65.0,84.0,93.0
1238,75.0,77.0,71.0,86.0,65.0,58.0,63.0
1239,174.0,172.0,156.0,145.0,132.0,168.0,199.0
1240,34.0,10.0,31.0,30.0,115.0,98.0,23.0
1241,79.0,56.0,94.0,94.0,92.0,78.0,59.0
1242,6.0,15.0,28.0,19.0,27.0,31.0,39.0
1243,154.0,167.0,183.0,160.0,206.0,145.0,153.0
1244,65.0,41.0,63.0,100.0,74.0,71.0,55.0
1245,66.0,91.0,48.0,68.0,133.0,154.0,56.0
1246,67.0,56.0,58.0,113.0,80.0,93.0,76.0
1247,107.0,137.0,133.0,157.0,169.0,121.0,96.0
1248,228.0,237.0,230.0,238.0,172.0,169.0,217.0
1249,204.0,208.0,228.0,222.0,125.0,88.0,189.0
1250,87.0,72.0,89.0,74.0,97.0,102.0,76.0
1251,145.0,184.0,141.0,226.0,308.0,302.0,170.0
1252,55.0,43.0,76.0,51.0,67.0,103.0,76.0
1253,48.0,58.0,61.0,66.0,124.0,97.0,67.0
1254,32.0,45.0,38.0,53.0,41.0,53.0,49.0
1255,279.0,243.0,239.0,290.0,277.0,316.0,284.0
1256,246.0,274.0,257.0,322.0,381.0,382.0,273.0
1257,239.0,278.0,266.0,204.0,287.0,200.0,203.0
1258,50.0,53.0,59.0,46.0,55.0,37.0,53.0
1259,65.0,74.0,76.0,60.0,77.0,122.0,91.0
1260,98.0,119.0,138.0,105.0,46.0,42.0,111.0
1261,113.0,96.0,87.0,103.0,117.0,120.0,106.0
1262,285.0,289.0,220.0,426.0,433.0,381.0,249.0
1263,95.0,93.0,101.0,102.0,204.0,216.0,98.0
1264,29.0,73.0,93.0,82.0,45.0,34.0,34.0
1265,81.0,78.0,72.0,64.0,99.0,84.0,57.0
1266,155.0,116.0,145.0,162.0,227.0,232.0,151.0
1267,355.0,280.0,295.0,284.0,321.0,318.0,326.0
1268,414.0,417.0,452.0,416.0,375.0,383.0,382.0
1269,68.0,59.0,43.0,94.0,122.0,115.0,45.0
1270,171.0,164.0,175.0,145.0,211.0,210.0,182.0
1271,114.0,114.0,137.0,115.0,95.0,81.0,111.0
1272,120.0,126.0,133.0,147.0,143.0,129.0,131.0
1273,91.0,103.0,90.0,109.0,70.0,70.0,59.0
1274,74.0,96.0,93.0,130.0,131.0,139.0,96.0
1275,127.0,133.0,125.0,125.0,92.0,100.0,131.0
1276,72.0,60.0,46.0,71.0,92.0,74.0,55.0
1277,40.0,22.0,39.0,60.0,120.0,113.0,40.0
1278,92.0,84.0,78.0,76.0,103.0,60.0,69.0
1279,61.0,57.0,71.0,94.0,101.0,80.0,74.0
1280,63.0,55.0,56.0,71.0,92.0,72.0,71.0
1281,69.0,57.0,62.0,52.0,37.0,58.0,60.0
1282,195.0,170.0,171.0,176.0,236.0,270.0,142.0
1283,94.0,81.0,94.0,103.0,88.0,107.0,67.0
1284,112.0,102.0,128.0,120.0,136.0,150.0,107.0
1285,83.0,86.0,79.0,145.0,105.0,119.0,73.0
1286,131.0,173.0,149.0,117.0,172.0,167.0,159.0
1287,74.0,77.0,91.0,77.0,120.0,124.0,57.0
1288,70.0,60.0,63.0,86.0,72.0,88.0,68.0
1289,97.0,105.0,90.0,116.0,189.0,202.0,92.0
1290,62.0,53.0,56.0,64.0,104.0,116.0,47.0
1291,217.0,217.0,207.0,268.0,278.0,286.0,199.0
1292,151.0,144.0,177.0,160.0,146.0,159.0,150.0
1293,52.0,59.0,79.0,67.0,82.0,113.0,74.0
1294,64.0,87.0,76.0,108.0,119.0,104.0,132.0
1295,587.0,566.0,604.0,709.0,1282.0,1354.0,690.0
1296,207.0,212.0,222.0,231.0,287.0,264.0,201.0
1297,151.0,108.0,152.0,137.0,220.0,151.0,162.0
1298,181.0,153.0,183.0,136.0,154.0,114.0,162.0
1299,61.0,59.0,68.0,67.0,104.0,113.0,41.0
1300,97.0,100.0,66.0,115.0,147.0,128.0,103.0
1301,476.0,493.0,431.0,610.0,1192.0,1168.0,539.0
1302,163.0,164.0,193.0,182.0,164.0,138.0,182.0
1303,72.0,69.0,86.0,77.0,131.0,135.0,74.0
1304,256.0,180.0,174.0,164.0,130.0,194.0,174.0
1305,364.0,353.0,195.0,388.0,543.0,563.0,348.0
1306,77.0,67.0,65.0,90.0,123.0,108.0,117.0
1307,401.0,355.0,388.0,391.0,363.0,402.0,328.0
1308,213.0,254.0,223.0,297.0,228.0,205.0,241.0
1309,285.0,254.0,270.0,302.0,409.0,461.0,299.0
1310,72.0,86.0,83.0,107.0,128.0,115.0,95.0
1311,122.0,139.0,137.0,124.0,135.0,113.0,112.0
1312,44.0,47.0,56.0,52.0,98.0,58.0,45.0
1313,189.0,207.0,261.0,222.0,239.0,259.0,198.0
1314,175.0,216.0,190.0,243.0,300.0,248.0,206.0
1315,58.0,48.0,62.0,67.0,118.0,99.0,44.0
1316,107.0,55.0,86.0,123.0,115.0,158.0,120.0
1317,51.0,52.0,70.0,62.0,130.0,150.0,55.0
1318,37.0,55.0,34.0,41.0,64.0,45.0,39.0
1319,83.0,73.0,93.0,95.0,37.0,19.0,92.0
1320,48.0,35.0,70.0,66.0,91.0,83.0,60.0
1321,171.0,168.0,167.0,214.0,322.0,281.0,189.0
1322,148.0,105.0,108.0,131.0,93.0,117.0,120.0
1323,171.0,168.0,162.0,178.0,133.0,144.0,155.0
1324,133.0,136.0,153.0,155.0,189.0,153.0,117.0
1325,390.0,401.0,480.0,496.0,678.0,568.0,514.0
1326,112.0,115.0,88.0,91.0,94.0,158.0,132.0
1327,43.0,63.0,46.0,57.0,84.0,74.0,48.0
1328,75.0,81.0,55.0,77.0,56.0,71.0,74.0
1329,64.0,72.0,77.0,71.0,85.0,77.0,60.0
1330,26.0,20.0,20.0,47.0,69.0,57.0,27.0
1331,107.0,119.0,118.0,118.0,201.0,230.0,89.0
1332,100.0,114.0,84.0,94.0,77.0,91.0,82.0
1333,72.0,81.0,89.0,83.0,60.0,50.0,81.0
1334,91.0,71.0,85.0,112.0,208.0,226.0,81.0
1335,61.0,71.0,62.0,60.0,66.0,77.0,55.0
1336,35.0,28.0,23.0,66.0,95.0,92.0,21.0
1337,119.0,136.0,142.0,158.0,145.0,127.0,140.0
1338,185.0,120.0,126.0,205.0,208.0,199.0,139.0
1339,149.0,169.0,156.0,144.0,113.0,94.0,159.0
1340,136.0,122.0,124.0,138.0,136.0,152.0,124.0
1341,103.0,119.0,102.0,136.0,185.0,168.0,100.0
1342,153.0,101.0,119.0,150.0,119.0,137.0,140.0
1343,141.0,133.0,134.0,177.0,254.0,326.0,189.0
1344,79.0,83.0,72.0,95.0,119.0,102.0,79.0
1345,1080.0,1033.0,1139.0,1126.0,1591.0,1656.0,1091.0
1346,81.0,98.0,82.0,117.0,152.0,155.0,84.0
1347,110.0,115.0,129.0,153.0,235.0,203.0,105.0
1348,118.0,96.0,130.0,120.0,120.0,110.0,119.0
1349,499.0,456.0,419.0,525.0,1116.0,1121.0,908.0
1350,68.0,69.0,80.0,85.0,129.0,116.0,56.0
1351,54.0,55.0,58.0,59.0,96.0,71.0,43.0
1352,429.0,467.0,469.0,449.0,125.0,106.0,455.0
1353,223.0,200.0,211.0,227.0,237.0,271.0,214.0
1354,368.0,377.0,376.0,418.0,438.0,423.0,347.0
1355,131.0,108.0,25.0,176.0,233.0,204.0,111.0
1356,122.0,117.0,130.0,130.0,169.0,206.0,140.0
1357,182.0,154.0,193.0,314.0,521.0,577.0,134.0
1358,45.0,35.0,30.0,42.0,78.0,90.0,30.0
1359,64.0,45.0,41.0,60.0,83.0,69.0,56.0
1360,206.0,147.0,123.0,163.0,130.0,94.0,171.0
1361,50.0,46.0,47.0,73.0,73.0,86.0,49.0
1362,98.0,111.0,115.0,102.0,95.0,102.0,105.0
1363,66.0,60.0,72.0,95.0,143.0,141.0,65.0
1364,344.0,321.0,300.0,357.0,317.0,293.0,313.0
1365,143.0,179.0,182.0,186.0,26.0,21.0,168.0
1366,88.0,82.0,105.0,184.0,92.0,128.0,86.0
1367,96.0,106.0,129.0,109.0,92.0,84.0,99.0
1368,50.0,55.0,42.0,38.0,61.0,63.0,42.0
1369,107.0,137.0,106.0,129.0,132.0,138.0,89.0
1370,117.0,126.0,186.0,104.0,75.0,52.0,175.0
1371,970.0,1001.0,995.0,883.0,400.0,262.0,987.0
1372,357.0,360.0,343.0,424.0,258.0,577.0,364.0
1373,75.0,57.0,63.0,101.0,78.0,71.0,48.0
1374,77.0,67.0,85.0,62.0,73.0,41.0,73.0
1375,130.0,137.0,143.0,182.0,223.0,207.0,132.0
1376,183.0,169.0,191.0,212.0,266.0,294.0,144.0
1377,88.0,112.0,92.0,87.0,62.0,78.0,98.0
1378,231.0,290.0,265.0,275.0,222.0,192.0,247.0
1379,57.0,68.0,65.0,66.0,69.0,76.0,60.0
1380,175.0,143.0,145.0,173.0,175.0,171.0,143.0
1381,58.0,56.0,71.0,65.0,61.0,51.0,56.0
1382,241.0,196.0,232.0,212.0,138.0,150.0,232.0
1383,11.0,8.0,15.0,20.0,45.0,69.0,70.0
1384,92.0,68.0,79.0,81.0,81.0,80.0,66.0
1385,75.0,92.0,59.0,83.0,59.0,71.0,55.0
1386,108.0,123.0,92.0,168.0,357.0,280.0,120.0
1387,51.0,54.0,39.0,97.0,104.0,100.0,50.0
1388,73.0,101.0,95.0,68.0,124.0,124.0,61.0
1389,41.0,33.0,51.0,62.0,97.0,86.0,49.0
1390,165.0,171.0,164.0,127.0,114.0,190.0,194.0
1391,298.0,292.0,317.0,306.0,246.0,257.0,273.0
1392,54.0,57.0,54.0,58.0,86.0,86.0,57.0
1393,333.0,364.0,399.0,386.0,296.0,291.0,427.0
1394,104.0,81.0,114.0,117.0,134.0,155.0,118.0
1395,360.0,311.0,358.0,359.0,381.0,398.0,303.0
1396,228.0,207.0,200.0,207.0,158.0,121.0,101.0
1397,59.0,48.0,41.0,54.0,90.0,80.0,47.0
1398,108.0,134.0,153.0,181.0,118.0,188.0,115.0
1399,169.0,175.0,174.0,155.0,125.0,134.0,192.0
1400,105.0,82.0,85.0,82.0,92.0,105.0,91.0
1401,91.0,90.0,97.0,105.0,68.0,59.0,96.0
1402,99.0,119.0,119.0,122.0,172.0,208.0,139.0
1403,157.0,129.0,165.0,184.0,143.0,147.0,136.0
1404,76.0,51.0,74.0,52.0,49.0,74.0,66.0
1405,59.0,61.0,64.0,52.0,64.0,48.0,60.0
1406,24.0,4.0,41.0,112.0,57.0,41.0,91.0
1407,83.0,63.0,78.0,79.0,82.0,96.0,95.0
1408,268.0,234.0,262.0,245.0,228.0,270.0,231.0
1409,96.0,110.0,177.0,191.0,280.0,197.0,137.0
1410,154.0,124.0,177.0,161.0,191.0,168.0,138.0
1411,83.0,88.0,130.0,144.0,275.0,255.0,119.0
1412,86.0,99.0,98.0,82.0,90.0,70.0,85.0
1413,48.0,49.0,33.0,44.0,59.0,57.0,40.0
1414,69.0,60.0,59.0,77.0,100.0,87.0,67.0
1415,43.0,54.0,44.0,63.0,119.0,102.0,44.0
1416,180.0,156.0,168.0,172.0,156.0,140.0,155.0
1417,72.6666666667,72.6666666667,72.6666666667,72.6666666667,43.0,96.0,79.0
1418,135.0,139.0,133.0,157.0,108.0,117.0,137.0
1419,231.0,216.0,229.0,199.0,92.0,105.0,209.0
1420,109.0,106.0,130.0,139.0,108.0,109.0,92.0
1421,95.0,98.0,110.0,152.0,132.0,146.0,143.0
1422,92.0,92.0,86.0,99.0,120.0,106.0,94.0
1423,134.0,149.0,159.0,242.0,277.0,215.0,150.0
1424,70.0,85.0,76.0,85.0,62.0,72.0,52.0
1425,611.0,608.0,602.0,614.0,190.0,108.0,515.0
1426,199.0,168.0,172.0,218.0,344.0,332.0,263.0
1427,66.0,50.0,57.0,61.0,92.0,106.0,59.0
1428,121.0,117.0,128.0,118.0,139.0,147.0,139.0
1429,68.0,44.0,61.0,51.0,30.0,21.0,69.0
1430,108.0,106.0,81.0,135.0,129.0,117.0,120.0
1431,268.0,260.0,267.0,356.0,463.0,494.0,268.0
1432,61.0,62.0,54.0,67.0,90.0,84.0,51.0
1433,525.0,477.0,497.0,576.0,496.0,482.0,483.0
1434,52.0,53.0,75.0,82.0,111.0,86.0,63.0
1435,277.0,281.0,286.0,384.0,227.0,82.0,289.0
1436,96.0,105.0,97.0,129.0,123.0,123.0,112.0
1437,123.0,130.0,148.0,155.0,230.0,178.0,98.0
1438,118.0,83.0,127.0,88.0,92.0,115.0,81.0
1439,113.0,81.0,148.0,113.0,137.0,157.0,126.0
1440,102.0,88.0,107.0,105.0,100.0,89.0,107.0
1441,43.0,45.0,59.0,62.0,61.0,50.0,40.0
1442,89.0,96.0,78.0,128.0,146.0,110.0,91.0
1443,68.0,55.0,30.0,88.0,184.0,160.0,56.0
1444,204.0,168.0,190.0,166.0,190.0,209.0,167.0
1445,279.0,270.0,260.0,275.0,150.0,155.0,291.0
1446,62.0,73.0,74.0,78.0,7.0,2.0,89.0
1447,63.0,40.0,62.0,38.0,91.0,47.0,31.0
1448,81.0,127.0,124.0,181.0,110.0,132.0,109.0
1449,66.0,71.0,53.0,82.0,99.0,88.0,56.0
1450,136.0,86.0,108.0,145.0,122.0,179.0,114.0
1451,55.0,69.0,63.0,53.0,72.0,75.0,52.0
1452,93.0,111.0,97.0,120.0,181.0,182.0,82.0
1453,129.0,109.0,148.0,117.0,171.0,156.0,97.0
1454,143.0,126.0,122.0,119.0,102.0,74.0,111.0
1455,98.0,98.0,115.0,131.0,112.0,100.0,89.0
1456,121.0,60.0,109.0,103.0,90.0,110.0,92.0
1457,80.0,64.0,84.0,93.0,92.0,110.0,83.0
1458,50.0,55.0,70.0,81.0,113.0,98.0,60.0
1459,48.0,51.0,53.0,56.0,98.0,120.0,41.0
1460,407.0,439.0,401.0,441.0,487.0,603.0,331.0
1461,143.0,137.0,131.0,125.0,113.0,109.0,138.0
1462,75.0,109.0,72.0,67.0,75.0,65.0,57.0
1463,116.0,121.0,112.0,169.0,230.0,207.0,110.0
1464,157.0,206.0,218.0,235.0,436.0,413.0,210.0
1465,115.0,93.0,100.0,100.0,84.0,138.0,84.0
1466,124.0,123.0,152.0,137.0,150.0,138.0,122.0
1467,139.0,103.0,140.0,126.0,180.0,254.0,137.0
1468,569.0,528.0,577.0,584.0,725.0,780.0,469.0
1469,62.0,52.0,73.0,109.0,213.0,147.0,31.0
1470,48.0,49.0,53.0,53.0,114.0,130.0,69.0
1471,350.0,312.0,363.0,334.0,394.0,399.0,300.0
1472,120.0,135.0,133.0,143.0,189.0,137.0,99.0
1473,180.0,139.0,190.0,192.0,298.0,287.0,149.0
1474,42.0,30.0,36.0,40.0,80.0,50.0,32.0
1475,60.0,73.0,57.0,71.0,91.0,71.0,54.0
1476,215.0,292.0,248.0,288.0,142.0,101.0,221.0
1477,300.0,361.0,268.0,205.0,189.0,251.0,172.0
1478,37.0,62.0,81.0,111.0,179.0,202.0,93.0
1479,63.0,55.0,52.0,85.0,66.0,48.0,59.0
1480,77.0,93.0,93.0,88.0,110.0,81.0,80.0
1481,77.0,63.0,76.0,86.0,92.0,95.0,103.0
1482,361.0,416.0,434.0,431.0,432.0,407.0,334.0
1483,136.0,182.0,165.0,191.0,255.0,207.0,167.0
1484,98.0,79.0,87.0,116.0,208.0,173.0,92.0
1485,56.1666666667,51.0,52.0,53.0,68.0,75.0,38.0
1486,20.0,28.0,20.0,54.0,45.0,48.0,36.0
1487,95.0,99.0,99.0,100.0,98.0,131.0,93.0
1488,234.0,263.0,229.0,278.0,228.0,229.0,214.0
1489,80.0,69.0,77.0,91.0,100.0,120.0,112.0
1490,103.0,84.0,86.0,92.0,112.0,129.0,85.0
1491,55.0,66.0,49.0,49.0,61.0,47.0,51.0
1492,94.0,106.0,111.0,88.0,48.0,29.0,111.0
1493,160.0,161.0,188.0,225.0,269.0,266.0,188.0
1494,97.0,90.0,102.0,88.0,61.0,53.0,101.0
1495,155.0,94.0,156.0,133.0,155.0,175.0,130.0
1496,69.0,72.0,97.0,94.0,87.0,84.0,70.0
1497,54.0,52.0,82.0,90.0,153.0,155.0,89.0
1498,123.0,88.0,120.0,104.0,146.0,148.0,113.0
1499,182.0,149.0,222.0,208.0,245.0,281.0,189.0
1500,158.0,161.0,198.0,222.0,179.0,147.0,184.0
1501,206.0,184.0,208.0,187.0,131.0,128.0,165.0
1502,190.0,184.0,176.0,167.0,198.0,150.0,217.0
1503,93.0,90.0,87.0,102.0,94.0,105.0,119.0
1504,92.0,62.0,65.0,61.0,47.0,49.0,68.0
1505,75.0,70.0,96.0,105.0,116.0,104.0,95.0
1506,94.0,81.0,99.0,84.0,63.0,70.0,83.0
1507,50.0,28.0,52.0,66.0,110.0,89.0,48.0
1508,56.0,45.0,77.0,97.0,86.0,53.0,66.0
1509,24.0,14.0,30.0,35.0,30.0,35.0,19.0
1510,111.0,151.0,115.0,231.0,389.0,287.0,135.0
1511,62.0,65.0,82.0,131.0,118.0,122.0,77.0
1512,10.0,57.0,86.0,92.0,108.0,103.0,44.0
1513,200.0,166.0,193.0,151.0,125.0,130.0,163.0
1514,184.0,237.0,146.0,241.0,317.0,337.0,192.0
1515,93.0,92.0,89.0,78.0,48.0,51.0,78.0
1516,49.0,48.0,50.0,76.0,118.0,112.0,63.0
1517,85.0,74.0,92.0,97.0,82.0,112.0,89.0
1518,93.0,75.0,103.0,88.0,91.0,92.0,83.0
1519,44.0,42.0,39.0,46.0,53.0,30.0,33.0
1520,120.0,116.0,115.0,115.0,94.0,98.0,109.0
1521,144.0,130.0,150.0,188.0,132.0,138.0,166.0
1522,110.0,104.0,123.0,136.0,95.0,100.0,118.0
1523,157.0,136.0,120.0,157.0,184.0,171.0,101.0
1524,110.0,121.0,111.0,134.0,158.0,157.0,135.0
1525,49.0,129.0,103.0,24.0,14.0,120.0,103.0
1526,51.0,71.0,64.0,67.0,94.0,98.0,47.0
1527,435.0,483.0,414.0,322.0,252.0,331.0,382.0
1528,27.0,38.0,36.0,35.0,28.0,41.0,45.0
1529,82.0,55.0,71.0,79.0,56.0,66.0,80.0
1530,82.0,69.0,100.0,93.0,123.0,100.0,101.0
1531,91.0,109.0,107.0,103.0,64.0,49.0,85.0
1532,80.0,64.0,96.0,129.0,183.0,196.0,112.0
1533,130.0,125.0,129.0,142.0,115.0,112.0,97.0
1534,607.0,645.0,640.0,657.0,542.0,737.0,574.0
1535,81.0,113.0,85.0,130.0,100.0,135.0,110.0
1536,83.0,67.0,66.0,70.0,133.0,94.0,73.0
1537,118.0,100.0,122.0,120.0,139.0,158.0,98.0
1538,146.0,141.0,160.0,159.0,194.0,224.0,152.0
1539,116.0,153.0,189.0,331.0,209.0,305.0,142.0
1540,75.0,58.0,74.0,85.0,108.0,100.0,54.0
1541,68.0,63.0,55.0,77.0,71.0,87.0,43.0
1542,65.0,69.0,56.0,63.0,60.0,75.0,56.0
1543,156.0,142.0,92.0,201.0,261.0,274.0,162.0
1544,65.0,74.0,95.0,72.0,89.0,91.0,86.0
1545,64.0,71.0,51.0,94.0,97.0,79.0,86.0
1546,41.0,42.0,59.0,59.0,179.0,109.0,40.0
1547,32.0,50.0,27.0,23.0,27.0,28.0,26.0
1548,129.0,108.0,114.0,94.0,144.0,133.0,97.0
1549,143.0,90.0,147.0,94.0,129.0,122.0,118.0
1550,107.0,88.0,141.0,118.0,81.0,84.0,103.0
1551,67.0,65.0,62.0,76.0,118.0,77.0,64.0
1552,117.0,124.0,95.0,141.0,169.0,141.0,98.0
1553,116.0,140.0,124.0,110.0,110.0,77.0,121.0
1554,129.0,150.0,141.0,204.0,265.0,254.0,121.0
1555,137.5,2.0,5.0,200.0,195.0,183.0,240.0
1556,288.0,265.0,296.0,323.0,455.0,358.0,251.0
1557,75.0,68.0,58.0,108.0,242.0,219.0,76.0
1558,55.0,58.0,70.0,74.0,92.0,90.0,57.0
1559,201.0,247.0,229.0,241.0,290.0,255.0,192.0
1560,308.0,265.0,306.0,282.0,33.0,18.0,305.0
1561,40.0,43.0,52.0,57.0,58.0,62.0,43.0
1562,48.0,27.0,40.0,34.0,80.0,68.0,36.0
1563,142.0,163.0,163.0,172.0,226.0,200.0,127.0
1564,80.0,98.0,89.0,47.0,59.0,63.0,89.0
1565,113.0,84.0,74.0,90.0,85.0,90.0,72.0
1566,78.0,45.0,62.0,54.0,25.0,35.0,57.0
1567,185.0,172.0,200.0,218.0,291.0,340.0,176.0
1568,122.0,125.0,149.0,96.0,113.0,83.0,131.0
1569,134.0,148.0,120.0,128.0,142.0,140.0,131.0
1570,553.0,624.0,610.0,596.0,178.0,205.0,556.0
1571,123.0,135.0,152.0,138.0,131.0,125.0,126.0
1572,210.0,215.0,189.0,197.0,167.0,111.0,190.0
1573,56.0,54.0,75.0,107.0,99.0,94.0,79.0
1574,72.0,59.0,53.0,62.0,79.0,82.0,58.0
1575,106.0,113.0,120.0,114.0,121.0,152.0,88.0
1576,32.0,25.0,21.0,35.0,75.0,90.0,34.0
1577,111.0,129.0,100.0,95.0,90.0,98.0,118.0
1578,26.0,26.0,22.0,37.0,64.0,73.0,36.0
1579,109.0,69.0,86.0,153.0,341.0,332.0,113.0
1580,48.0,58.0,44.0,64.0,75.0,81.0,70.0
1581,99.0,87.0,97.0,127.0,133.0,114.0,95.0
1582,267.0,276.0,266.0,337.0,264.0,196.0,245.0
1583,223.0,189.0,215.0,217.0,246.0,224.0,234.0
1584,103.0,101.0,110.0,103.0,60.0,51.0,114.0
1585,35.0,45.0,41.0,53.0,66.0,71.0,49.0
1586,61.0,96.0,76.0,91.0,148.0,125.0,92.0
1587,87.0,135.0,106.0,123.0,137.0,160.0,92.0
1588,141.0,93.0,137.0,157.0,94.0,109.0,143.0
1589,180.0,215.0,239.0,250.0,179.0,223.0,178.0
1590,220.0,243.0,228.0,229.0,611.0,173.0,213.0
1591,57.0,58.0,59.0,77.0,93.0,91.0,45.0
1592,69.0,73.0,75.0,119.0,113.0,130.0,81.0
1593,97.0,106.0,110.0,206.0,157.0,118.0,77.0
1594,63.0,66.0,62.0,80.0,100.0,116.0,97.0
1595,185.0,151.0,137.0,159.0,134.0,101.0,167.0
1596,242.0,269.0,248.0,232.0,79.0,39.0,247.0
1597,51.0,52.0,46.0,45.0,49.0,27.0,56.0
1598,73.0,86.0,95.0,96.0,118.0,129.0,71.0
1599,45.0,59.0,45.0,55.0,80.0,64.0,56.0
1600,68.0,72.0,54.0,50.0,43.0,58.0,57.0
1601,84.0,83.0,70.0,89.0,118.0,94.0,71.0
1602,162.0,139.0,167.0,181.0,161.0,143.0,166.0
1603,41.0,56.0,62.0,58.0,88.0,91.0,42.0
1604,226.0,203.0,193.0,229.0,290.0,339.0,209.0
1605,81.0,68.0,51.0,101.0,56.0,50.0,97.0
1606,61.0,48.0,45.0,50.0,67.0,46.0,41.0
1607,188.0,136.0,165.0,123.0,135.0,148.0,129.0
1608,67.0,39.0,64.0,55.0,61.0,64.0,61.0
1609,261.0,293.0,280.0,283.0,277.0,265.0,276.0
1610,96.0,118.0,93.0,101.0,93.0,122.0,113.0
1611,164.0,188.0,204.0,175.0,144.0,145.0,174.0
1612,383.0,324.0,397.0,341.0,60.0,41.0,325.0
1613,63.0,41.0,237.0,69.0,87.0,130.0,62.0
1614,251.0,258.0,283.0,199.0,118.0,105.0,275.0
1615,384.0,367.0,443.0,423.0,347.0,550.0,434.0
1616,73.0,75.0,79.0,91.0,63.0,53.0,69.0
1617,84.0,62.0,68.0,85.0,110.0,101.0,71.0
1618,170.0,119.0,159.0,188.0,259.0,255.0,128.0
1619,316.0,332.0,347.0,322.0,227.0,200.0,337.0
1620,112.0,144.0,115.0,107.0,63.0,98.0,126.0
1621,128.0,103.0,128.0,111.0,112.0,115.0,118.0
1622,281.0,182.0,240.0,278.0,368.0,385.0,270.0
1623,344.0,355.0,328.0,405.0,471.0,484.0,353.0
1624,139.0,100.0,180.0,175.0,188.0,216.0,183.0
1625,375.0,381.0,370.0,375.0,179.0,164.0,345.0
1626,172.0,152.0,160.0,191.0,234.0,181.0,150.0
1627,106.0,122.0,120.0,145.0,167.0,126.0,127.0
1628,1794.0,1443.0,1978.0,2078.0,3185.0,3197.0,1973.0
1629,103.0,84.0,57.0,124.0,104.0,102.0,85.0
1630,303.0,387.0,313.0,342.0,613.0,684.0,341.0
1631,34.0,43.0,32.0,35.0,39.0,45.0,30.0
1632,68.0,71.0,74.0,56.0,77.0,97.0,83.0
1633,111.0,86.0,101.0,86.0,98.0,106.0,85.0
1634,57.0,56.0,48.0,72.0,72.0,80.0,70.0
1635,59.0,62.0,51.0,54.0,54.0,58.0,50.0
1636,158.0,124.0,159.0,157.0,104.0,111.0,179.0
1637,123.0,73.0,99.0,95.0,224.0,215.0,107.0
1638,54.0,58.0,47.0,79.0,174.0,199.0,53.0
1639,27.0,24.0,32.0,11.0,58.0,138.0,33.0
1640,65.0,77.0,63.0,95.0,86.0,110.0,65.0
1641,239.0,226.0,266.0,286.0,328.0,321.0,272.0
1642,48.0,56.0,46.0,61.0,59.0,53.0,46.0
1643,138.0,104.0,119.0,128.0,117.0,133.0,128.0
1644,293.0,285.0,363.0,311.0,286.0,282.0,381.0
1645,65.0,75.0,69.0,83.0,76.0,87.0,51.0
1646,213.0,184.0,230.0,244.0,345.0,315.0,210.0
1647,181.0,201.0,224.0,237.0,236.0,253.0,184.0
1648,44.0,39.0,46.0,45.0,78.0,63.0,37.0
1649,173.0,171.0,163.0,227.0,3.0,68.0,130.0
1650,114.0,91.0,85.0,89.0,109.0,108.0,96.0
1651,106.0,91.0,103.0,27.0,24.0,92.0,93.0
1652,101.0,77.0,99.0,112.0,139.0,141.0,99.0
1653,67.0,51.0,63.0,89.0,83.0,83.0,53.0
1654,110.0,121.0,126.0,115.0,48.0,48.0,109.0
1655,59.0,40.0,44.0,42.0,50.0,66.0,55.0
1656,106.0,89.0,94.0,84.0,125.0,109.0,110.0
1657,273.0,286.0,265.0,293.0,269.0,263.0,286.0
1658,89.0,78.0,55.0,81.0,96.0,119.0,96.0
1659,56.0,66.0,64.0,58.0,93.0,113.0,44.0
1660,453.0,392.0,414.0,566.0,589.0,602.0,366.0
1661,77.0,84.0,95.0,84.0,132.0,124.0,71.0
1662,307.0,359.0,345.0,344.0,415.0,385.0,291.0
1663,62.0,51.0,76.0,102.0,109.0,103.0,62.0
1664,126.0,118.0,121.0,109.0,104.0,22.0,95.0
1665,259.0,233.0,266.0,331.0,234.0,87.0,124.0
1666,349.0,358.0,336.0,402.0,359.0,327.0,367.0
1667,97.0,104.0,86.0,136.0,198.0,156.0,103.0
1668,81.0,52.0,110.0,81.0,105.0,115.0,74.0
1669,160.0,135.0,156.0,202.0,265.0,266.0,166.0
1670,65.0,100.0,89.0,78.0,137.0,139.0,80.0
1671,86.0,65.0,87.0,96.0,151.0,126.0,69.0
1672,220.0,200.0,205.0,228.0,434.0,430.0,248.0
1673,75.0,54.0,78.0,64.0,71.0,68.0,56.0
1674,61.0,73.0,78.0,109.0,141.0,106.0,76.0
1675,82.0,125.0,150.0,115.0,109.0,90.0,107.0
1676,116.0,101.0,136.0,134.0,181.0,134.0,112.0
1677,73.0,75.0,62.0,84.0,76.0,107.0,83.0
1678,147.0,142.0,125.0,154.0,75.0,40.0,141.0
1679,133.0,151.0,132.0,136.0,96.0,89.0,133.0
1680,59.0,14.0,52.0,44.0,105.0,86.0,53.0
1681,87.0,104.0,76.0,90.0,167.0,126.0,75.0
1682,28.0,45.0,45.0,62.0,135.0,91.0,51.0
1683,63.0,89.0,60.0,95.0,119.0,114.0,67.0
1684,115.0,115.0,117.0,104.0,88.0,85.0,96.0
1685,86.0,100.0,87.0,103.0,25.0,16.0,86.0
1686,589.0,537.0,539.0,643.0,670.0,523.0,504.0
1687,73.0,73.0,99.0,82.0,79.0,91.0,109.0
1688,74.0,91.0,82.0,96.0,132.0,123.0,81.0
1689,287.0,349.0,352.0,344.0,304.0,253.0,309.0
1690,48.0,38.0,49.0,46.0,45.0,63.0,38.0
1691,184.0,169.0,176.0,196.0,114.0,74.0,115.0
1692,91.0,29.0,81.0,112.0,102.0,123.0,68.0
1693,35.0,23.0,22.0,32.0,145.0,153.0,22.0
1694,75.0,69.0,89.0,75.0,92.0,118.0,80.0
1695,102.0,112.0,117.0,131.0,83.0,65.0,119.0
1696,97.0,101.0,100.0,128.0,207.0,218.0,112.0
1697,470.0,439.0,475.0,431.0,143.0,92.0,338.0
1698,77.0,86.0,80.0,71.0,120.0,137.0,71.0
1699,96.0,90.0,89.0,112.0,129.0,156.0,120.0
1700,73.0,80.0,51.0,82.0,89.0,94.0,76.0
1701,76.0,67.0,59.0,90.0,45.0,20.0,60.0
1702,34.0,22.0,26.0,35.0,51.0,46.0,36.0
1703,487.0,385.0,438.0,437.0,361.0,329.0,428.0
1704,75.0,55.0,70.0,66.0,89.0,63.0,56.0
1705,269.0,286.0,250.0,276.0,72.0,88.0,281.0
1706,357.571428571,357.571428571,357.571428571,357.571428571,357.571428571,357.571428571,357.571428571
1707,187.0,181.0,180.0,265.0,143.0,208.0,127.0
1708,913.0,832.0,888.0,845.0,177.0,152.0,874.0
1709,170.0,197.0,229.0,214.0,260.0,239.0,217.0
1710,94.0,124.0,117.0,100.0,118.0,75.0,105.0
1711,43.0,68.0,44.0,59.0,48.0,75.0,50.0
1712,73.0,72.0,63.0,81.0,52.0,58.0,74.0
1713,203.0,193.0,194.0,190.0,107.0,68.0,179.0
1714,32.0,57.0,45.0,60.0,110.0,123.0,46.0
1715,187.0,179.0,175.0,151.0,176.4,176.4,190.0
1716,231.0,246.0,232.0,246.0,220.0,225.0,239.0
1717,55.0,43.0,60.0,57.0,52.0,68.0,53.0
1718,236.0,283.0,300.0,220.0,170.0,177.0,281.0
1719,207.0,214.0,215.0,225.0,200.0,166.0,181.0
1720,79.0,89.0,94.0,74.0,62.0,60.0,77.0
1721,209.0,167.0,172.0,182.0,246.0,237.0,196.0
1722,73.0,85.0,74.0,111.0,111.0,87.0,101.0
1723,100.0,82.0,102.0,92.0,115.0,118.0,105.0
1724,256.0,288.0,257.0,174.0,203.0,153.0,158.0
1725,350.0,289.0,220.0,327.0,507.0,505.0,302.0
1726,215.0,236.0,232.0,242.0,203.0,180.0,225.0
1727,94.0,89.0,80.0,90.0,79.0,23.0,69.0
1728,62.0,70.0,66.0,66.0,75.0,97.0,50.0
1729,45.0,21.0,27.0,49.0,78.0,97.0,29.0
1730,61.0,70.0,56.0,70.0,95.0,64.0,43.0
1731,157.0,135.0,139.0,194.0,207.0,200.0,124.0
1732,121.0,113.0,128.0,134.0,19.0,7.0,131.0
1733,92.0,80.0,110.0,96.0,99.0,84.0,59.0
1734,76.0,75.0,76.0,107.0,156.0,123.0,57.0
1735,35.0,45.0,51.0,33.0,56.0,44.0,49.0
1736,91.0,76.0,73.0,83.0,12.0,13.0,65.0
1737,120.0,127.0,126.0,139.0,125.0,117.0,126.0
1738,68.0,49.0,64.0,72.0,47.0,53.0,55.0
1739,111.0,96.0,106.0,94.0,30.0,15.0,74.0
1740,86.0,75.0,84.0,100.0,180.0,175.0,85.0
1741,84.0,98.0,73.0,108.0,53.0,57.0,114.0
1742,215.0,254.0,237.0,357.0,279.0,345.0,293.0
1743,115.0,86.0,110.0,137.0,145.0,176.0,78.0
1744,369.0,420.0,373.0,446.0,551.0,598.0,393.0
1745,102.0,85.0,100.0,103.0,107.0,128.0,92.0
1746,10.0,15.0,17.0,19.0,121.0,72.0,82.0
1747,76.0,62.0,101.0,81.0,118.0,105.0,71.0
1748,55.0,37.0,45.0,38.0,50.0,46.0,54.0
1749,89.0,82.0,100.0,118.0,170.0,150.0,103.0
1750,189.0,213.0,232.0,216.0,303.0,311.0,236.0
1751,210.0,220.0,238.0,285.0,339.0,321.0,203.0
1752,302.0,276.0,280.0,287.0,175.0,144.0,245.0
1753,37.0,61.0,44.0,49.0,53.0,51.0,40.0
1754,64.0,40.0,63.0,87.0,78.0,73.0,75.0
1755,152.0,139.0,131.0,190.0,235.0,187.0,125.0
1756,87.0,78.0,84.0,107.0,136.0,166.0,59.0
1757,43.0,24.0,41.0,51.0,87.0,74.0,44.0
1758,507.0,446.0,470.0,430.0,375.0,399.0,468.0
1759,109.0,130.0,138.0,161.0,165.0,142.0,122.0
1760,43.0,28.0,45.0,56.0,84.0,123.0,39.0
1761,228.0,196.0,241.0,245.0,117.0,130.0,236.0
1762,152.0,105.0,114.0,144.0,137.0,190.0,126.0
1763,111.0,130.0,131.0,104.0,49.0,44.0,102.0
1764,202.0,168.0,200.0,235.0,204.0,181.0,180.0
1765,110.0,100.0,96.0,110.0,105.0,91.0,97.0
1766,120.0,112.0,127.0,146.0,198.0,178.0,126.0
1767,351.0,298.0,285.0,319.0,166.0,112.0,287.0
1768,36.0,62.0,125.0,105.0,179.0,90.0,48.0
1769,192.0,205.0,155.0,220.0,318.0,357.0,203.0
1770,218.0,161.0,184.0,200.0,154.0,134.0,186.0
1771,44.0,44.0,40.0,52.0,241.0,151.0,44.0
1772,48.0,74.0,68.0,76.0,122.0,126.0,52.0
1773,137.0,156.0,128.0,128.0,49.0,33.0,133.0
1774,244.0,217.0,251.0,266.0,298.0,309.0,201.0
1775,107.0,81.0,121.0,117.0,160.0,185.0,88.0
1776,112.0,97.0,102.0,112.0,76.0,94.0,82.0
1777,206.0,203.0,201.0,179.0,214.0,184.0,197.0
1778,214.0,217.0,235.0,238.0,155.0,118.0,248.0
1779,89.0,91.0,95.0,80.0,123.0,115.0,78.0
1780,56.0,74.0,68.0,77.0,33.0,38.0,73.0
1781,120.0,98.0,110.0,123.0,118.0,106.0,75.0
1782,337.0,336.0,344.0,369.0,487.0,664.0,365.0
1783,167.0,234.0,207.0,245.0,274.0,238.0,237.0
1784,70.0,86.0,68.0,76.0,77.0,83.0,52.0
1785,181.0,242.0,191.0,165.0,149.0,211.0,141.0
1786,110.0,166.0,140.0,121.0,96.0,121.0,119.0
1787,62.0,53.0,47.0,57.0,50.0,44.0,46.0
1788,141.0,123.0,117.0,120.0,95.0,83.0,123.0
1789,327.0,331.0,273.0,382.0,29.0,259.0,298.0
1790,109.0,103.0,93.0,114.0,113.0,111.0,95.0
1791,96.0,87.0,129.0,142.0,138.0,123.0,122.0
1792,80.0,69.0,62.0,79.0,107.0,138.0,90.0
1793,100.0,96.0,107.0,134.0,156.0,187.0,108.0
1794,66.0,72.0,86.0,78.0,120.0,124.0,96.0
1795,225.0,206.0,204.0,320.0,494.0,333.0,189.0
1796,100.0,123.0,118.0,112.0,68.0,39.0,61.0
1797,80.0,63.0,56.0,60.0,59.0,43.0,67.0
1798,117.0,129.0,116.0,109.0,101.0,102.0,116.0
1799,55.0,79.0,54.0,94.0,89.0,74.0,60.0
1800,72.0,59.0,85.0,108.0,196.0,207.0,62.0
1801,46.0,38.0,28.0,39.0,46.0,41.0,41.0
1802,90.0,11.0,59.0,45.0,63.0,96.0,68.0
1803,92.0,50.0,91.0,159.0,299.0,363.0,104.0
1804,67.0,52.0,60.0,76.0,88.0,71.0,63.0
1805,139.0,74.0,122.0,104.0,113.0,35.0,91.0
1806,112.0,110.0,137.0,131.0,159.0,155.0,112.0
1807,55.0,67.0,55.0,72.0,72.0,58.0,77.0
1808,86.0,87.0,95.0,119.0,114.0,105.0,65.0
1809,113.0,108.0,104.0,115.0,128.0,113.0,138.0
1810,119.0,136.0,134.0,129.0,80.0,73.0,128.0
1811,78.0,73.0,87.0,101.0,210.0,123.0,90.0
1812,150.0,97.0,94.0,133.0,159.0,159.0,159.0
1813,123.0,122.0,129.0,106.0,138.0,64.0,124.0
1814,85.0,79.0,85.0,78.0,94.0,101.0,77.0
1815,59.0,55.0,63.0,84.0,60.0,64.0,64.0
1816,174.0,195.0,185.0,191.0,183.0,140.0,165.0
1817,270.0,166.0,160.0,208.0,139.0,256.0,197.0
1818,43.0,72.0,58.0,56.0,74.0,84.0,41.0
1819,89.0,114.0,108.0,110.0,128.0,138.0,89.0
1820,821.0,623.0,858.0,872.0,1381.0,1465.0,835.0
1821,105.0,108.0,100.0,100.0,102.0,118.0,118.0
1822,104.0,69.0,75.0,85.0,135.0,161.0,73.0
1823,50.7142857143,50.7142857143,50.7142857143,50.7142857143,50.7142857143,50.7142857143,50.7142857143
1824,185.0,244.0,205.0,150.0,143.0,161.0,214.0
1825,131.0,182.0,166.0,168.0,128.0,293.0,197.0
1826,70.0,67.0,54.0,97.0,88.0,86.0,78.0
1827,185.0,193.0,232.0,266.0,279.0,250.0,209.0
1828,135.0,126.0,119.0,152.0,173.0,198.0,146.0
1829,27.0,30.0,38.0,25.0,65.0,32.0,29.0
1830,650.0,645.0,665.0,661.0,258.0,593.0,679.0
1831,134.0,98.0,85.0,90.0,109.0,128.0,103.0
1832,43.0,45.0,229.0,48.0,48.0,60.0,52.0
1833,60.0,58.0,58.0,61.0,67.0,54.0,54.0
1834,52.0,32.0,42.0,45.0,60.0,59.0,34.0
1835,134.0,113.0,160.0,154.0,131.0,155.0,117.0
1836,72.0,77.0,85.0,103.0,103.0,104.0,65.0
1837,98.0,117.0,138.0,146.0,164.0,168.0,127.0
1838,115.0,109.0,119.0,118.0,256.0,227.0,117.0
1839,34.0,40.0,57.0,98.0,43.0,50.0,30.0
1840,37.0,30.0,35.0,42.0,73.0,70.0,49.0
1841,237.0,228.0,259.0,203.0,229.0,272.0,196.0
1842,643.0,629.0,705.0,663.0,114.0,92.0,689.0
1843,100.0,108.0,112.0,87.0,131.0,125.0,94.0
1844,59.0,52.0,60.0,62.0,60.0,77.0,65.0
1845,68.0,54.0,62.0,57.0,102.0,126.0,50.0
1846,60.0,72.0,116.0,56.0,80.0,71.0,69.0
1847,68.0,64.0,69.0,66.0,66.0,89.0,58.0
1848,80.0,94.0,67.0,76.0,62.0,70.0,57.0
1849,354.0,334.0,280.0,422.0,654.0,536.0,341.0
1850,162.0,157.0,169.0,161.0,118.0,78.0,149.0
1851,74.0,82.0,88.0,74.0,61.0,91.0,76.0
1852,182.0,183.0,144.0,205.0,167.0,151.0,133.0
1853,123.0,147.0,146.0,140.0,144.0,142.0,158.0
1854,240.0,242.0,245.0,242.0,117.0,71.0,229.0
1855,67.0,70.0,58.0,63.0,3.0,4.0,69.0
1856,129.0,138.0,128.0,129.0,129.0,114.0,154.0
1857,52.2,52.2,51.0,57.0,24.0,22.0,107.0
1858,345.0,340.0,405.0,388.0,339.0,320.0,314.0
1859,90.0,32.0,88.0,132.0,197.0,208.0,84.0
1860,173.0,160.0,189.0,204.0,348.0,324.0,175.0
1861,41.0,30.0,49.0,60.0,83.0,85.0,38.0
1862,118.0,97.0,88.0,125.0,167.0,129.0,78.0
1863,125.0,126.0,100.0,95.0,93.0,107.0,108.0
1864,66.0,54.0,49.0,61.0,118.0,112.0,54.0
1865,95.0,99.0,80.0,68.0,6.0,66.0,105.0
1866,248.0,223.0,226.0,244.0,69.0,64.0,252.0
1867,63.0,62.0,74.0,82.0,55.0,60.0,65.0
1868,55.0,70.0,55.0,57.0,77.0,84.0,43.0
1869,132.0,121.0,122.0,117.0,88.0,84.0,146.0
1870,29.0,40.0,33.0,47.0,89.0,72.0,41.0
1871,257.0,297.0,232.0,273.0,210.0,326.0,228.0
1872,160.0,146.0,146.0,133.0,80.0,104.0,141.0
1873,197.0,199.0,212.0,224.0,208.0,239.0,196.0
1874,816.0,772.0,830.0,726.0,59.0,52.0,857.0
1875,179.0,218.0,197.0,250.0,228.0,223.0,196.0
1876,143.0,124.0,109.0,157.0,153.0,181.0,134.0
1877,159.0,127.0,116.0,144.0,125.0,133.0,142.0
1878,84.0,88.0,79.0,60.0,83.0,95.0,73.0
1879,157.0,136.0,158.0,168.0,254.0,274.0,121.0
1880,626.0,631.0,617.0,593.0,272.0,259.0,593.0
1881,154.0,146.0,120.0,178.0,244.0,239.0,125.0
1882,51.0,57.0,52.0,71.0,88.0,89.0,56.0
1883,124.0,83.0,82.0,113.0,180.0,163.0,88.0
1884,82.0,92.0,78.0,88.0,79.0,73.0,85.0
1885,109.0,100.0,83.0,92.0,90.0,96.0,101.0
1886,89.0,83.0,114.0,131.0,212.0,213.0,86.0
1887,86.0,79.0,89.0,89.0,75.0,76.0,87.0
1888,61.0,73.0,56.0,63.0,18.0,26.0,71.0
1889,380.0,328.0,423.0,368.0,198.0,171.0,381.0
1890,33.0,43.0,34.0,47.0,68.0,55.0,44.0
1891,79.0,76.0,83.0,87.0,143.0,147.0,76.0
1892,51.0,48.0,55.0,53.0,67.0,101.0,54.0
1893,243.0,219.0,196.0,187.0,59.0,40.0,192.0
1894,130.0,137.0,137.0,150.0,166.0,139.0,158.0
1895,44.0,40.0,44.0,46.0,55.0,44.0,32.0
1896,74.0,73.0,74.0,74.0,66.0,66.0,82.0
1897,267.0,571.0,250.0,315.0,381.0,333.0,251.0
1898,15.0,13.0,18.0,25.0,23.0,21.0,19.0
1899,45.0,52.0,43.0,44.0,68.0,60.0,45.0
1900,475.0,437.0,447.0,493.0,770.0,758.0,450.0
1901,104.0,76.0,105.0,105.0,86.0,126.0,93.0
1902,271.0,219.0,214.0,309.0,322.0,285.0,208.0
1903,145.0,134.0,134.0,103.0,59.0,80.0,103.0
1904,154.0,185.0,157.0,190.0,142.0,153.0,177.0
1905,400.0,418.0,354.0,483.0,567.0,698.0,355.0
1906,109.0,106.0,117.0,129.0,80.0,45.0,104.0
1907,37.0,67.0,62.0,70.0,84.0,88.0,54.0
1908,96.0,80.0,82.0,90.0,71.0,44.0,90.0
1909,61.0,61.0,49.0,40.0,47.0,45.0,57.0
1910,112.0,88.0,110.0,120.0,195.0,164.0,104.0
1911,145.0,121.0,132.0,193.0,200.0,166.0,140.0
1912,41.0,49.0,45.0,49.0,48.0,51.0,37.0
1913,150.0,138.0,151.0,155.0,150.0,128.0,140.0
1914,91.0,75.0,105.0,111.0,73.0,69.0,93.0
1915,130.0,118.0,116.0,112.0,103.0,96.0,110.0
1916,143.0,113.0,123.0,135.0,118.0,148.0,106.0
1917,4.0,8.0,4.0,4.0,2.0,3.0,3.0
1918,137.0,114.0,140.0,139.0,126.0,106.0,131.0
1919,89.0,72.0,68.0,71.0,51.0,45.0,53.0
1920,140.0,148.0,141.0,175.0,167.0,170.0,144.0
1921,255.0,257.0,269.0,272.0,407.0,430.0,265.0
1922,91.0,117.0,126.0,112.0,188.0,184.0,127.0
1923,90.0,58.0,111.0,135.0,104.0,120.0,101.0
1924,57.0,68.0,83.0,95.0,185.0,177.0,78.0
1925,88.0,67.0,62.0,80.0,43.0,37.0,72.0
1926,565.0,537.0,518.0,463.0,386.0,418.0,469.0
1927,859.0,1027.0,1073.0,1602.0,1043.0,976.0,822.0
1928,99.0,90.0,110.0,102.0,55.0,41.0,94.0
1929,92.0,101.0,94.0,90.0,109.0,132.0,97.0
1930,357.0,359.0,379.0,353.0,431.0,437.0,353.0
1931,261.0,237.0,266.0,232.0,290.0,305.0,242.0
1932,80.0,83.0,98.0,129.0,127.0,118.0,84.0
1933,62.0,80.0,83.0,89.0,126.0,110.0,63.0
1934,233.0,248.0,201.0,328.0,218.0,292.0,241.0
1935,124.0,26.0,70.0,161.0,186.0,172.0,112.0
1936,179.0,165.0,158.0,169.0,208.0,174.0,166.0
1937,89.0,61.0,63.0,145.0,243.0,215.0,94.0
1938,167.0,187.0,138.0,186.0,307.0,309.0,174.0
1939,121.0,134.0,113.0,152.0,145.0,159.0,98.0
1940,178.0,163.0,157.0,180.0,152.0,206.0,195.0
1941,64.0,57.0,57.0,80.0,123.0,125.0,61.0
1942,176.0,140.0,178.0,128.0,130.0,124.0,170.0
1943,530.0,356.0,465.0,534.0,631.0,614.0,472.0
1944,340.0,361.0,302.0,418.0,357.0,329.0,321.0
1945,92.0,90.0,103.0,136.0,160.0,202.0,107.0
1946,34.0,39.0,46.0,39.0,38.0,27.0,51.0
1947,215.0,165.0,186.0,174.0,240.0,240.0,208.0
1948,82.0,68.0,95.0,70.0,95.0,85.0,68.0
1949,277.0,218.0,261.0,220.0,183.0,67.0,244.0
1950,100.0,91.0,90.0,133.0,139.0,131.0,94.0
1951,74.0,77.0,60.0,49.0,70.0,57.0,66.0
1952,56.0,65.0,70.0,90.0,86.0,107.0,73.0
1953,397.0,377.0,392.0,470.0,187.0,498.0,362.0
1954,115.0,144.0,175.0,196.0,258.0,254.0,128.0
1955,126.0,122.0,131.0,104.0,92.0,107.0,119.0
1956,88.0,70.0,77.0,85.0,117.0,120.0,83.0
1957,217.0,125.0,203.0,185.0,154.0,116.0,196.0
1958,357.666666667,490.0,407.0,337.0,197.0,305.0,410.0
1959,212.0,229.0,264.0,272.0,363.0,302.0,206.0
1960,113.0,132.0,113.0,99.0,93.0,69.0,114.0
1961,146.0,93.0,162.0,129.0,121.0,156.0,123.0
1962,124.0,80.0,123.0,125.0,90.0,58.0,123.0
1963,112.0,96.0,103.0,110.0,84.0,64.0,108.0
1964,103.0,56.0,137.0,113.0,124.0,114.0,115.0
1965,235.0,205.0,180.0,205.0,560.0,78.0,222.0
1966,172.0,136.0,153.0,200.0,259.0,250.0,179.0
1967,24.0,23.0,13.0,38.0,54.0,41.0,16.0
1968,101.0,60.0,79.0,83.0,85.0,95.0,109.0
1969,263.0,229.0,209.0,268.0,330.0,322.0,216.0
1970,236.0,166.0,243.0,249.0,199.0,167.0,229.0
1971,75.0,51.0,75.0,84.0,118.0,117.0,72.0
1972,48.0,42.0,44.0,37.0,31.0,26.0,3.0
1973,181.0,108.0,148.0,173.0,108.0,112.0,157.0
1974,180.0,196.0,144.0,293.0,398.0,344.0,199.0
1975,81.0,95.0,96.0,101.0,90.0,101.0,103.0
1976,136.0,126.0,155.0,121.0,105.0,148.0,111.0
1977,196.0,141.0,207.0,273.0,265.0,245.0,190.0
1978,49.0,63.0,53.0,83.0,66.0,76.0,66.0
1979,52.0,45.0,50.0,50.0,66.0,60.0,46.0
1980,104.0,114.0,170.0,109.0,67.0,90.0,122.0
1981,81.0,81.0,82.0,80.0,117.0,73.0,111.0
1982,118.0,122.0,135.0,147.0,131.0,104.0,107.0
1983,72.0,65.0,69.0,67.0,69.0,53.0,76.0
1984,450.0,435.0,535.0,727.0,520.0,451.0,410.0
1985,91.0,112.0,94.0,86.0,81.0,93.0,102.0
1986,47.0,49.0,77.0,42.0,106.0,113.0,33.0
1987,189.0,201.0,185.0,213.0,195.0,177.0,232.0
1988,63.0,55.0,60.0,112.0,85.0,127.0,56.0
1989,81.0,77.0,75.0,98.0,128.0,122.0,67.0
1990,150.0,129.0,119.0,119.0,116.0,104.0,128.0
1991,68.0,58.0,65.0,59.0,128.0,124.0,68.0
1992,57.0,76.0,106.0,74.0,79.0,85.0,34.0
1993,162.0,129.0,145.0,191.0,156.0,147.0,139.0
1994,52.0,55.0,72.0,63.0,79.0,83.0,64.0
1995,91.0,101.0,100.0,104.0,101.0,96.0,92.0
1996,276.0,293.0,285.0,219.0,120.0,110.0,298.0
1997,575.0,559.0,638.0,610.0,432.0,328.0,620.0
1998,309.0,294.0,298.0,316.0,147.0,452.0,331.0
1999,181.0,184.0,132.0,133.0,67.0,67.0,168.0
