shop_id,min,max,sum,median,var,mean
1,207,277,3468,250.5,322.21978022,247.714285714
2,34,125,483,108.0,1363.3,96.6
3,56,121,1158,76.0,394.21978022,82.7142857143
4,71,200,1610,112.5,1271.53846154,115.0
5,2,312,2678,214.5,9788.68131868,191.285714286
6,30,137,1210,84.0,671.956043956,86.4285714286
7,93,208,1989,138.0,1067.60989011,142.071428571
8,49,103,1029,73.5,228.884615385,73.5
9,187,282,3178,227.5,818.615384615,227.0
10,43,111,1137,82.5,491.71978022,81.2142857143
11,43,113,1020,75.5,451.208791209,72.8571428571
12,52,116,1047,67.0,481.258241758,74.7857142857
13,177,297,3199,229.5,764.115384615,228.5
14,41,79,813,59.5,108.225274725,58.0714285714
15,111,203,1985,131.0,1072.95054945,141.785714286
16,30,80,725,49.0,260.335164835,51.7857142857
17,62,123,1217,83.0,268.686813187,86.9285714286
18,54,112,1120,74.0,357.384615385,80.0
19,132,255,2316,151.5,1107.95604396,165.428571429
20,89,167,1934,151.5,760.43956044,138.142857143
21,59,127,1196,78.5,425.648351648,85.4285714286
22,49,127,1201,83.5,524.181318681,85.7857142857
23,1,18,120,10.0,41.858974359,9.23076923077
24,32,124,996,66.0,931.978021978,71.1428571429
25,96,147,1625,113.5,250.994505495,116.071428571
26,51,147,1358,86.5,905.692307692,97.0
27,51,101,1106,77.0,230.0,79.0
28,53,103,1041,78.0,212.247252747,74.3571428571
29,76,187,1573,113.5,1109.32417582,112.357142857
30,31,66,669,47.5,102.489010989,47.7857142857
31,287,505,5033,327.5,5888.57692308,359.5
32,86,454,3974,383.5,24985.2087912,283.857142857
33,56,115,1154,78.0,462.417582418,82.4285714286
34,318,539,5469,372.5,3646.55494505,390.642857143
35,107,222,2242,167.0,1219.20879121,160.142857143
36,58,102,1043,72.0,181.5,74.5
37,114,321,2854,199.5,2966.13186813,203.857142857
38,34,106,1004,73.0,443.604395604,71.7142857143
39,216,370,3852,263.0,2801.82417582,275.142857143
40,64,113,1202,86.0,141.978021978,85.8571428571
41,132,391,3021,185.5,6919.25824176,215.785714286
42,58,129,1253,86.0,496.269230769,89.5
43,22,193,1385,83.0,2726.99450549,98.9285714286
44,33,84,852,60.0,197.978021978,60.8571428571
45,18,74,585,38.5,303.258241758,41.7857142857
46,116,209,2281,177.5,933.917582418,162.928571429
47,39,176,1630,153.5,3038.57142857,116.428571429
48,355,594,6530,449.5,6351.18681319,466.428571429
49,369,608,6332,437.5,4440.83516484,452.285714286
50,46,95,943,67.0,149.324175824,67.3571428571
51,11,82,676,51.0,567.912087912,48.2857142857
52,42,148,1200,89.5,1223.91208791,85.7142857143
53,98,155,1705,122.5,250.642857143,121.785714286
54,265,404,4387,314.0,1711.01648352,313.357142857
55,224,407,4296,299.0,3298.74725275,306.857142857
56,48,111,975,58.5,429.93956044,69.6428571429
57,231,440,4451,295.5,4415.60989011,317.928571429
58,1505,1935,23495,1656.5,13761.5659341,1678.21428571
59,123,274,2774,201.5,2204.13186813,198.142857143
60,115,176,2034,145.0,281.604395604,145.285714286
61,61,106,1079,75.0,246.840659341,77.0714285714
62,67,221,1500,87.5,2152.59340659,107.142857143
63,162,257,3035,221.0,750.181318681,216.785714286
64,81,151,1653,118.5,538.994505495,118.071428571
65,289,587,3904,342.5,10286.7111111,390.4
66,40,96,892,62.0,287.450549451,63.7142857143
67,47,96,895,57.5,242.071428571,63.9285714286
68,47,68,830,57.0,42.2197802198,59.2857142857
69,81,142,1534,112.0,397.802197802,109.571428571
70,33,78,768,52.0,191.978021978,54.8571428571
71,83,189,1917,143.0,841.302197802,136.928571429
72,383,593,6775,485.5,3510.07142857,483.928571429
73,78,105,1331,96.5,70.8406593407,95.0714285714
74,91,143,1531,107.0,225.631868132,109.357142857
75,29,86,816,64.0,392.527472527,58.2857142857
76,32,79,703,47.0,227.258241758,50.2142857143
77,74,147,1588,111.5,462.263736264,113.428571429
78,33,68,724,52.0,69.7582417582,51.7142857143
79,22,175,1367,111.0,3027.47802198,97.6428571429
80,48,99,912,65.5,158.43956044,65.1428571429
81,81,155,1599,114.5,577.71978022,114.214285714
82,67,147,1445,101.0,629.71978022,103.214285714
83,88,190,1897,132.5,781.807692308,135.5
84,131,384,3122,183.5,6798.15384615,223.0
85,63,122,1184,78.5,376.263736264,84.5714285714
86,97,180,1837,122.5,707.71978022,131.214285714
87,9,163,1160,115.0,3641.67032967,82.8571428571
88,296,632,6021,411.5,10344.2252747,430.071428571
89,32,82,708,48.5,161.186813187,50.5714285714
90,197,380,3677,251.5,3148.24725275,262.642857143
91,73,125,1392,102.5,309.802197802,99.4285714286
92,93,216,2010,133.5,1297.18681319,143.571428571
93,92,186,2006,152.5,1183.6043956,143.285714286
94,69,160,1530,104.0,747.450549451,109.285714286
95,42,98,1087,84.0,273.17032967,77.6428571429
96,61,130,1593,117.5,332.489010989,113.785714286
97,99,201,2223,169.5,889.565934066,158.785714286
98,70,109,1244,91.0,149.362637363,88.8571428571
99,1,69,417,45.5,376.011111111,41.7
100,252,466,4966,374.0,3862.37362637,354.714285714
101,82,175,1798,127.0,608.417582418,128.428571429
102,107,157,1815,128.0,189.016483516,129.642857143
103,63,101,1121,80.0,180.686813187,80.0714285714
104,58,122,1301,93.5,313.456043956,92.9285714286
105,70,185,1457,93.0,1370.99450549,104.071428571
106,51,95,885,61.0,135.104395604,63.2142857143
107,46,235,1617,98.5,3841.19230769,115.5
108,64,142,1378,96.0,516.725274725,98.4285714286
109,89,117,1402,101.5,84.5934065934,100.142857143
110,82,180,1940,147.5,987.648351648,138.571428571
111,51,80,918,65.5,97.6483516484,65.5714285714
112,105,154,1802,129.5,227.296703297,128.714285714
113,36,159,1456,107.0,1715.38461538,104.0
114,336,730,7355,536.5,15948.8626374,525.357142857
115,303,515,5921,434.0,3264.68681319,422.928571429
116,35,487,4728,400.0,25208.2197802,337.714285714
117,96,324,2618,157.5,5479.69230769,187.0
118,23,103,882,75.5,952.461538462,63.0
119,37,118,873,55.5,525.785714286,62.3571428571
120,247,387,3910,268.5,1482.37362637,279.285714286
121,33,64,711,53.0,87.1043956044,50.7857142857
122,36,85,778,52.0,193.494505495,55.5714285714
123,68,144,1561,115.5,521.192307692,111.5
124,355,454,5493,394.5,600.708791209,392.357142857
125,31,230,1085,60.0,3106.11538462,77.5
126,60,110,1226,88.5,260.725274725,87.5714285714
127,15,195,1212,70.5,2725.8021978,86.5714285714
128,30,84,826,59.0,217.076923077,59.0
129,171,248,2864,200.5,520.263736264,204.571428571
130,251,431,4443,316.0,2097.63186813,317.357142857
131,27,95,863,60.0,289.631868132,61.6428571429
132,42,89,917,62.0,348.115384615,65.5
133,36,123,1141,88.5,726.884615385,81.5
134,164,474,4567,331.5,9884.64285714,326.214285714
135,142,222,2383,171.0,350.950549451,170.214285714
136,61,110,1318,101.5,294.43956044,94.1428571429
137,43,105,1065,75.0,310.840659341,76.0714285714
138,166,326,3347,248.5,2150.99450549,239.071428571
139,52,135,1134,76.5,673.692307692,81.0
140,62,371,3113,265.5,13250.0934066,222.357142857
141,34,78,672,44.0,173.538461538,48.0
142,57,492,4663,420.0,23673.3021978,333.071428571
143,74,128,1500,109.5,339.516483516,107.142857143
144,78,216,1780,108.5,1970.74725275,127.142857143
145,50,126,1007,60.0,622.379120879,71.9285714286
146,370,651,7401,518.0,7960.55494505,528.642857143
147,66,147,1615,121.0,436.247252747,115.357142857
148,23,80,825,62.0,228.840659341,58.9285714286
149,113,228,2408,176.0,1245.84615385,172.0
150,23,115,1001,65.0,1236.73076923,71.5
151,36,94,960,67.0,360.571428571,68.5714285714
152,30,75,757,52.5,157.148351648,54.0714285714
153,54,101,1033,70.0,317.873626374,73.7857142857
154,74,101,892,88.0,92.8444444444,89.2
155,95,151,1693,122.0,215.148351648,120.928571429
156,110,171,1935,140.5,303.71978022,138.214285714
157,64,143,1344,93.5,537.384615385,96.0
158,53,89,1002,73.0,118.10989011,71.5714285714
159,48,134,1046,64.5,725.450549451,74.7142857143
160,76,337,3084,282.5,11695.2967033,220.285714286
161,27,115,1229,91.5,579.104395604,87.7857142857
162,59,105,1154,81.5,211.648351648,82.4285714286
163,80,133,1352,92.5,237.032967033,96.5714285714
164,42,230,1999,141.0,2462.18131868,142.785714286
165,44,179,1568,107.5,1255.07692308,112.0
166,36,167,1211,69.0,1911.5,86.5
167,90,239,1665,149.0,2283.85454545,151.363636364
168,73,119,1329,96.0,223.148351648,94.9285714286
169,70,206,1716,114.5,2279.49450549,122.571428571
170,38,99,934,63.0,475.604395604,66.7142857143
171,163,301,3072,213.5,1320.72527473,219.428571429
172,47,334,2738,188.5,4742.87912088,195.571428571
173,136,216,2502,183.0,535.142857143,178.714285714
174,98,241,2509,191.5,2860.7967033,179.214285714
175,69,226,1617,103.5,1884.11538462,115.5
176,55,118,1209,83.5,354.401098901,86.3571428571
177,82,188,1742,120.5,741.494505495,124.428571429
178,65,123,1232,89.5,241.230769231,88.0
179,50,103,1068,75.0,223.296703297,76.2857142857
180,174,382,3605,244.5,2681.5,257.5
181,63,108,1159,74.5,286.335164835,82.7857142857
182,29,99,748,44.5,483.186813187,53.4285714286
183,56,224,2067,176.0,4193.47802198,147.642857143
184,45,94,1011,71.5,148.489010989,72.2142857143
185,73,118,1375,100.5,203.412087912,98.2142857143
186,110,206,2132,146.5,850.681318681,152.285714286
187,62,99,1077,77.5,159.456043956,76.9285714286
188,72,135,1375,93.5,363.412087912,98.2142857143
189,378,631,6865,477.0,6295.93956044,490.357142857
190,31,82,798,57.0,276.615384615,57.0
191,28,75,417,52.5,376.125,52.125
192,25,73,723,52.5,246.401098901,51.6428571429
193,101,203,2069,145.0,1064.48901099,147.785714286
194,20,61,547,40.5,167.148351648,39.0714285714
195,42,122,1054,65.5,720.21978022,75.2857142857
196,41,192,1406,65.0,3337.8021978,100.428571429
197,45,117,951,57.0,659.148351648,67.9285714286
198,42,139,1364,116.5,1515.8021978,97.4285714286
199,141,205,2300,162.5,273.296703297,164.285714286
200,145,451,3586,210.0,10935.5164835,256.142857143
201,24,100,719,37.5,647.478021978,51.3571428571
202,3,231,1514,128.0,2743.96969697,126.166666667
203,323,651,6031,406.5,10671.5659341,430.785714286
204,53,109,1105,80.0,262.532967033,78.9285714286
205,58,119,1378,105.0,371.956043956,98.4285714286
206,27,84,810,54.0,374.285714286,57.8571428571
207,54,192,1288,79.0,1457.38461538,92.0
208,71,168,1353,92.0,673.631868132,96.6428571429
209,58,164,1317,70.5,1893.91758242,94.0714285714
210,59,203,1689,112.0,2122.55494505,120.642857143
211,66,140,1285,86.0,423.104395604,91.7857142857
212,30,114,906,54.5,688.989010989,64.7142857143
213,1,92,824,65.0,673.054945055,58.8571428571
214,36,86,765,45.5,306.862637363,54.6428571429
215,119,291,2556,162.0,3017.49450549,182.571428571
216,22,57,605,46.0,110.950549451,43.2142857143
217,337,619,5891,413.5,6598.95054945,420.785714286
218,4,49,417,43.0,381.412087912,29.7857142857
219,40,95,800,54.5,184.285714286,57.1428571429
220,28,115,1061,84.5,833.104395604,75.7857142857
221,80,132,1449,103.5,230.269230769,103.5
222,6,42,344,23.0,107.186813187,24.5714285714
223,60,127,1250,87.0,474.21978022,89.2857142857
224,10,103,822,78.5,1498.83516484,58.7142857143
225,70,115,1251,87.5,192.554945055,89.3571428571
226,137,215,2436,176.5,586.923076923,174.0
227,47,136,1193,66.5,1199.56593407,85.2142857143
228,36,88,839,59.5,210.840659341,59.9285714286
229,48,104,1039,74.5,213.258241758,74.2142857143
230,47,77,883,64.5,97.6098901099,63.0714285714
231,63,95,1087,77.0,95.3241758242,77.6428571429
232,51,93,928,64.5,104.373626374,66.2857142857
233,198,479,4149,265.5,8352.70879121,296.357142857
234,124,192,2177,152.0,377.192307692,155.5
235,107,174,1918,134.0,522.615384615,137.0
236,37,78,789,55.0,211.93956044,56.3571428571
237,31,79,669,47.0,146.489010989,47.7857142857
238,38,89,850,61.0,368.373626374,60.7142857143
239,64,143,1307,90.5,641.93956044,93.3571428571
240,175,390,3681,258.5,3034.53296703,262.928571429
241,57,111,1179,83.5,214.181318681,84.2142857143
242,45,91,1008,73.5,234.923076923,72.0
243,216,363,4013,283.5,2884.70879121,286.642857143
244,25,229,2075,164.0,4398.18131868,148.214285714
245,41,180,1589,125.5,1751.80769231,113.5
246,18,96,655,29.0,850.489010989,46.7857142857
247,126,196,2187,152.0,540.489010989,156.214285714
248,29,78,863,66.0,240.093406593,61.6428571429
249,44,165,1547,119.5,2291.96153846,110.5
250,39,93,855,55.0,309.763736264,61.0714285714
251,34,131,1077,91.0,1102.37912088,76.9285714286
252,89,223,1903,143.5,1120.37912088,135.928571429
253,59,130,1282,88.5,788.571428571,91.5714285714
254,23,138,1122,83.5,1395.51648352,80.1428571429
255,40,99,1036,80.0,298.153846154,74.0
256,175,291,3097,209.5,1414.95054945,221.214285714
257,57,101,1136,82.0,175.824175824,81.1428571429
258,46,205,1321,78.0,2916.70879121,94.3571428571
259,62,92,1022,72.0,79.3846153846,73.0
260,38,92,859,59.0,236.708791209,61.3571428571
261,70,149,1544,109.0,451.296703297,110.285714286
262,50,153,1526,126.0,1509.84615385,109.0
263,80,138,1518,107.5,243.956043956,108.428571429
264,89,140,1615,117.0,219.17032967,115.357142857
265,90,150,1596,110.0,369.692307692,114.0
266,36,64,675,45.5,93.4120879121,48.2142857143
267,68,109,1315,96.5,124.379120879,93.9285714286
268,49,122,1216,94.0,547.516483516,86.8571428571
269,25,120,1176,94.5,893.538461538,84.0
270,87,155,1668,120.5,414.747252747,119.142857143
271,31,95,894,65.0,436.901098901,63.8571428571
272,93,538,5590,472.0,24757.1428571,399.285714286
273,86,162,1607,116.0,376.796703297,114.785714286
274,28,81,826,64.0,206.615384615,59.0
275,242,693,6935,519.0,18454.7087912,495.357142857
276,100,189,1942,131.5,536.21978022,138.714285714
277,24,92,743,45.5,676.071428571,53.0714285714
278,204,383,4084,285.0,3230.06593407,291.714285714
279,398,694,7196,506.5,9439.84615385,514.0
280,46,108,877,58.5,244.708791209,62.6428571429
281,139,227,2427,168.0,622.401098901,173.357142857
282,103,288,2926,256.0,5326.46153846,209.0
283,41,252,1413,74.5,4147.3021978,100.928571429
284,26,74,619,41.5,172.027472527,44.2142857143
285,205,296,3464,240.0,918.571428571,247.428571429
286,26,499,4349,357.5,28588.0934066,310.642857143
287,184,284,3053,209.0,986.379120879,218.071428571
288,49,149,1170,74.0,940.417582418,83.5714285714
289,44,93,831,58.5,137.324175824,59.3571428571
290,46,73,845,60.5,85.0164835165,60.3571428571
291,37,136,1247,105.0,1486.68681319,89.0714285714
292,84,166,1701,125.0,901.653846154,121.5
293,148,226,2710,194.5,505.032967033,193.571428571
294,74,157,1609,115.5,486.686813187,114.928571429
295,28,114,857,62.0,502.181318681,61.2142857143
296,320,583,5896,386.0,7474.74725275,421.142857143
297,205,392,3990,299.5,2993.07692308,285.0
298,323,768,6021,372.0,21864.2252747,430.071428571
299,156,286,2948,210.0,1428.57142857,210.571428571
300,45,82,889,63.0,156.884615385,63.5
301,44,102,1045,78.0,346.093406593,74.6428571429
302,40,195,2060,172.0,2423.97802198,147.142857143
303,39,118,988,61.0,775.648351648,70.5714285714
304,50,260,2849,207.0,2598.88461538,203.5
305,82,165,1697,115.5,651.412087912,121.214285714
306,9,564,3551,424.0,46263.5636364,322.818181818
307,45,156,1172,69.5,1198.06593407,83.7142857143
308,28,100,858,67.5,682.21978022,61.2857142857
309,63,162,1713,135.5,1279.47802198,122.357142857
310,111,260,2497,176.5,1413.78571429,178.357142857
311,12,132,1040,102.0,2196.21978022,74.2857142857
312,82,124,1386,94.5,163.076923077,99.0
313,35,625,4528,550.5,43629.9555556,452.8
314,42,183,1558,109.5,1149.14285714,111.285714286
315,118,251,2376,172.0,1171.14285714,169.714285714
316,66,223,2147,172.5,3406.24725275,153.357142857
317,31,123,941,66.5,775.71978022,67.2142857143
318,108,220,2136,148.5,882.879120879,152.571428571
319,148,225,2475,180.5,641.873626374,176.785714286
320,183,361,3535,232.5,3481.65384615,252.5
321,102,146,1718,120.0,179.450549451,122.714285714
322,58,95,1031,76.0,135.478021978,73.6428571429
323,122,229,2464,176.5,689.692307692,176.0
324,47,135,1434,117.5,1096.26373626,102.428571429
325,61,108,1174,79.5,225.67032967,83.8571428571
326,58,109,1125,76.0,237.478021978,80.3571428571
327,47,91,878,62.0,104.989010989,62.7142857143
328,105,160,1914,138.0,314.681318681,136.714285714
329,65,119,1236,89.0,244.065934066,88.2857142857
330,33,169,1221,64.0,3023.71978022,87.2142857143
331,82,387,3042,345.0,12785.5111111,304.2
332,86,178,1723,110.0,1033.3021978,123.071428571
333,66,148,1286,88.5,395.824175824,91.8571428571
334,74,201,2085,158.0,1077.60989011,148.928571429
335,39,197,1802,161.5,3421.6043956,128.714285714
336,180,447,3818,244.0,7116.06593407,272.714285714
337,68,102,1234,89.5,101.208791209,88.1428571429
338,316,918,7637,499.5,42864.7307692,545.5
339,69,145,1439,100.5,662.642857143,102.785714286
340,56,88,967,67.0,76.9945054945,69.0714285714
341,137,327,2800,172.0,3864.30769231,200.0
342,63,134,1416,105.5,502.131868132,101.142857143
343,69,106,1266,92.0,143.802197802,90.4285714286
344,106,197,2092,148.0,587.186813187,149.428571429
345,55,122,1350,97.5,331.648351648,96.4285714286
346,128,249,2678,212.0,1046.0,206.0
347,35,88,750,53.5,245.032967033,53.5714285714
348,227,420,4311,280.0,3572.53296703,307.928571429
349,63,115,1223,85.0,184.093406593,87.3571428571
350,29,304,2248,204.0,8779.34065934,160.571428571
351,37,132,1204,89.0,707.692307692,86.0
352,1,316,2284,285.0,18297.2545455,207.636363636
353,31,70,734,51.0,103.802197802,52.4285714286
354,48,81,893,61.5,132.950549451,63.7857142857
355,22,61,512,36.0,156.571428571,36.5714285714
356,99,158,1760,129.5,266.681318681,125.714285714
357,47,71,820,58.5,29.8021978022,58.5714285714
358,70,175,1770,127.0,1013.03296703,126.428571429
359,126,194,2186,156.0,313.516483516,156.142857143
360,105,270,2258,150.5,2285.6043956,161.285714286
361,65,262,2319,186.0,4826.09340659,165.642857143
362,112,148,1823,134.5,153.71978022,130.214285714
363,60,85,912,68.0,58.9743589744,70.1538461538
364,57,180,1467,94.0,1208.33516484,104.785714286
365,39,71,776,57.0,101.648351648,55.4285714286
366,36,103,796,86.0,407.6,79.6
367,59,99,1134,86.5,187.692307692,81.0
368,136,325,2793,284.0,4438.09090909,253.909090909
369,97,159,1783,123.5,233.016483516,127.357142857
370,114,445,2801,140.5,12784.9945055,200.071428571
371,158,308,3362,241.0,1729.82417582,240.142857143
372,45,80,823,56.0,127.104395604,58.7857142857
373,24,68,743,53.5,175.60989011,53.0714285714
374,34,89,809,60.0,194.642857143,57.7857142857
375,35,110,935,65.0,555.258241758,66.7857142857
376,25,55,557,39.5,94.3351648352,39.7857142857
377,73,131,1380,97.5,325.648351648,98.5714285714
378,85,215,2265,165.5,957.873626374,161.785714286
379,29,119,903,45.0,1428.57692308,64.5
380,104,307,3305,225.0,2665.14835165,236.071428571
381,43,91,794,55.0,122.065934066,56.7142857143
382,46,89,943,66.5,189.93956044,67.3571428571
383,62,117,1084,98.0,293.515151515,90.3333333333
384,16,82,717,49.0,576.642857143,51.2142857143
385,26,80,681,45.0,268.708791209,48.6428571429
386,128,232,2446,167.5,906.527472527,174.714285714
387,42,90,973,70.5,206.884615385,69.5
388,74,146,1428,98.0,450.923076923,102.0
389,75,111,1297,94.0,136.862637363,92.6428571429
390,35,108,916,67.5,525.186813187,65.4285714286
391,184,420,3692,251.5,3555.6043956,263.714285714
392,89,383,3072,271.0,10601.3406593,219.428571429
393,403,528,6527,469.0,1869.1043956,466.214285714
394,102,195,2069,152.5,871.412087912,147.785714286
395,132,294,2911,215.5,2469.3021978,207.928571429
396,64,122,1336,102.5,455.648351648,95.4285714286
397,119,218,2129,144.0,872.532967033,152.071428571
398,58,148,1453,116.0,895.104395604,103.785714286
399,74,457,2602,116.0,17016.9010989,185.857142857
400,51,93,920,64.5,98.0659340659,65.7142857143
401,24,104,963,73.0,528.181318681,68.7857142857
402,106,242,2701,208.0,1822.22527473,192.928571429
403,64,176,1533,98.5,966.115384615,109.5
404,150,361,2875,187.5,4192.24725275,205.357142857
405,55,146,1439,120.0,1217.71978022,102.785714286
406,63,186,1703,145.5,992.810606061,141.916666667
407,84,175,2008,145.5,724.263736264,143.428571429
408,174,464,4469,333.5,5473.41208791,319.214285714
409,73,108,1290,96.0,123.516483516,92.1428571429
410,34,170,1171,76.5,1457.47802198,83.6428571429
411,11,43,335,25.0,111.60989011,23.9285714286
412,19,99,813,60.5,744.686813187,58.0714285714
413,96,221,2336,183.0,2089.67032967,166.857142857
414,388,610,6474,458.0,4221.64835165,462.428571429
415,26,73,702,49.0,265.054945055,50.1428571429
416,52,116,1185,86.0,458.862637363,84.6428571429
417,12,44,405,27.0,90.8406593407,28.9285714286
418,119,214,2075,144.5,764.027472527,148.214285714
419,23,74,553,37.5,171.961538462,39.5
420,63,133,1403,99.0,455.412087912,100.214285714
421,28,104,828,51.5,647.054945055,59.1428571429
422,77,114,1362,96.5,119.912087912,97.2857142857
423,49,156,1335,82.5,1712.55494505,95.3571428571
424,51,113,1093,77.0,289.763736264,78.0714285714
425,82,173,1584,102.5,750.747252747,113.142857143
426,114,269,2401,171.0,1493.19230769,171.5
427,54,149,1336,91.5,1216.72527473,95.4285714286
428,51,160,1600,129.0,1486.21978022,114.285714286
429,30,61,665,49.5,129.192307692,47.5
430,70,149,1411,100.5,325.873626374,100.785714286
431,41,80,872,62.0,101.758241758,62.2857142857
432,14,107,625,45.0,1137.56363636,56.8181818182
433,53,104,1134,84.0,269.538461538,81.0
434,31,109,801,51.5,506.489010989,57.2142857143
435,38,751,5702,361.0,31762.0659341,407.285714286
436,304,540,5874,408.5,4211.03296703,419.571428571
437,45,103,990,66.0,297.142857143,70.7142857143
438,48,103,1040,74.0,230.065934066,74.2857142857
439,96,183,1732,116.5,639.142857143,123.714285714
440,48,102,999,69.5,194.554945055,71.3571428571
441,183,339,3221,217.0,2077.60989011,230.071428571
442,70,139,1283,82.0,461.016483516,91.6428571429
443,46,98,935,62.5,272.335164835,66.7857142857
444,56,117,1185,81.0,266.401098901,84.6428571429
445,118,210,2149,153.5,652.576923077,153.5
446,32,83,697,42.5,264.489010989,49.7857142857
447,62,266,2354,207.0,6179.82417582,168.142857143
448,39,205,1668,145.0,4367.97802198,119.142857143
449,17,132,813,35.0,1505.60989011,58.0714285714
450,48,82,949,68.5,97.8736263736,67.7857142857
451,100,205,1960,125.0,1178.30769231,140.0
452,175,292,3111,217.5,864.950549451,222.214285714
453,43,86,845,57.5,135.631868132,60.3571428571
454,51,93,937,64.5,131.148351648,66.9285714286
455,104,180,1921,134.0,518.950549451,137.214285714
456,51,78,894,61.0,100.747252747,63.8571428571
457,31,108,903,62.0,424.884615385,64.5
458,77,270,2039,128.0,4643.32417582,145.642857143
459,3,136,344,9.0,1305.1025641,26.4615384615
460,17,311,2352,231.0,12632.3076923,168.0
461,35,67,677,48.0,82.8626373626,48.3571428571
462,49,169,1275,81.0,1616.99450549,91.0714285714
463,32,186,1821,138.0,1223.60989011,130.071428571
464,73,192,1422,82.0,1419.18681319,101.571428571
465,302,763,4687,412.0,20691.5666667,468.7
466,55,157,1378,91.0,1149.03296703,98.4285714286
467,80,113,1349,96.5,103.631868132,96.3571428571
468,36,98,802,57.0,266.989010989,57.2857142857
469,28,70,737,50.0,200.554945055,52.6428571429
470,40,128,1028,62.5,787.802197802,73.4285714286
471,49,116,1186,85.0,279.758241758,84.7142857143
472,337,763,6800,434.0,16879.6043956,485.714285714
473,24,112,955,75.0,706.027472527,68.2142857143
474,23,46,460,30.5,68.4395604396,32.8571428571
475,107,169,1894,132.5,364.373626374,135.285714286
476,13,110,885,85.5,1357.25824176,63.2142857143
477,72,119,1303,92.0,235.148351648,93.0714285714
478,38,55,666,48.5,27.956043956,47.5714285714
479,59,117,1036,68.0,281.076923077,74.0
480,36,166,1259,67.0,2287.45604396,89.9285714286
481,40,96,930,62.5,384.417582418,66.4285714286
482,64,139,1358,94.0,590.461538462,97.0
483,36,88,846,62.5,250.417582418,60.4285714286
484,56,146,1276,83.5,848.131868132,91.1428571429
485,101,155,1725,124.0,259.412087912,123.214285714
486,59,126,1149,78.5,388.840659341,82.0714285714
487,41,76,854,61.0,101.538461538,61.0
488,52,107,1013,70.0,229.93956044,72.3571428571
489,54,98,1026,76.0,136.681318681,73.2857142857
490,23,64,553,37.0,247.346153846,39.5
491,213,362,3900,282.5,2085.18681319,278.571428571
492,48,100,1071,78.5,238.884615385,76.5
493,27,118,1208,102.0,1008.37362637,86.2857142857
494,47,112,988,67.5,388.571428571,70.5714285714
495,33,120,975,63.0,874.862637363,69.6428571429
496,102,179,1863,132.0,424.686813187,133.071428571
497,44,162,1115,60.0,1661.78571429,79.6428571429
498,34,98,970,70.5,416.065934066,69.2857142857
499,37,87,805,48.5,362.423076923,57.5
500,109,216,2182,151.5,1385.36263736,155.857142857
501,41,181,1092,129.0,2028.75,121.333333333
502,25,230,1793,135.0,3027.57692308,137.923076923
503,50,133,1201,93.0,641.412087912,85.7857142857
504,53,120,1171,79.0,456.708791209,83.6428571429
505,21,115,886,99.5,963.822222222,88.6
506,41,152,1100,69.5,1157.64835165,78.5714285714
507,59,292,2633,205.5,6519.45604396,188.071428571
508,52,180,1667,125.5,1818.22527473,119.071428571
509,26,139,886,47.0,1471.91208791,63.2857142857
510,32,83,872,64.5,134.681318681,62.2857142857
511,116,185,2092,149.0,568.10989011,149.428571429
512,45,118,1150,86.0,470.285714286,82.1428571429
513,104,150,1771,125.0,182.730769231,126.5
514,44,104,1146,84.5,297.978021978,81.8571428571
515,99,148,1730,125.0,334.10989011,123.571428571
516,66,99,1130,79.5,100.989010989,80.7142857143
517,1592,3263,30850,2028.5,337408.879121,2203.57142857
518,40,122,1107,78.0,488.225274725,79.0714285714
519,144,259,2602,174.5,1254.28571429,185.857142857
520,39,102,833,81.0,277.018181818,75.7272727273
521,45,224,1445,83.0,3008.95054945,103.214285714
522,109,206,2068,142.0,720.065934066,147.714285714
523,29,61,638,46.5,78.5714285714,45.5714285714
524,3,92,674,58.5,1173.36263736,48.1428571429
525,57,85,977,70.5,94.0274725275,69.7857142857
526,79,126,1478,104.0,223.186813187,105.571428571
527,15,77,682,59.5,530.681318681,48.7142857143
528,340,575,6149,420.0,5602.02747253,439.214285714
529,77,137,1441,104.0,314.840659341,102.928571429
530,23,1024,8001,926.0,216735.269231,615.461538462
531,105,224,2010,130.0,1248.10989011,143.571428571
532,79,138,1454,100.5,297.978021978,103.857142857
533,49,184,1601,130.5,2734.09340659,114.357142857
534,22,120,858,42.5,1482.83516484,61.2857142857
535,157,228,2611,184.0,465.653846154,186.5
536,50,102,1121,78.5,172.840659341,80.0714285714
537,99,191,1831,120.5,989.412087912,130.785714286
538,21,131,921,55.0,999.565934066,65.7857142857
539,67,132,1315,97.5,353.763736264,93.9285714286
540,53,124,1151,79.5,367.104395604,82.2142857143
541,147,223,2531,177.5,498.489010989,180.785714286
542,28,95,991,76.0,332.489010989,70.7857142857
543,54,102,1089,76.5,191.412087912,77.7857142857
544,67,176,1725,127.0,1252.95054945,123.214285714
545,94,195,1857,121.5,945.93956044,132.642857143
546,22,104,988,75.0,644.417582418,70.5714285714
547,41,92,813,61.0,346.602564103,62.5384615385
548,67,168,1633,113.5,643.016483516,116.642857143
549,63,124,1283,85.5,441.785714286,91.6428571429
550,59,119,1214,82.5,447.142857143,86.7142857143
551,75,193,1505,96.5,1247.34615385,107.5
552,85,169,1667,119.0,766.071428571,119.071428571
553,132,373,3561,271.0,4624.86263736,254.357142857
554,58,143,1232,79.0,791.076923077,88.0
555,61,158,1581,118.5,998.686813187,112.928571429
556,36,68,710,51.5,105.758241758,50.7142857143
557,218,356,3834,263.0,1794.28571429,273.857142857
558,80,135,1521,111.0,363.785714286,108.642857143
559,16,258,2090,217.0,10259.4505495,149.285714286
560,130,338,2617,179.0,3208.68681319,186.928571429
561,3,111,703,79.5,1525.78888889,70.3
562,4,80,636,58.5,888.571428571,45.4285714286
563,33,70,671,45.5,120.994505495,47.9285714286
564,164,360,3548,237.0,4772.41758242,253.428571429
565,168,327,3645,262.5,1949.93956044,260.357142857
566,63,107,1103,74.5,174.642857143,78.7857142857
567,29,82,827,61.5,269.60989011,59.0714285714
568,96,222,2129,148.5,1752.99450549,152.071428571
569,57,225,2169,170.0,3284.37912088,154.928571429
570,116,230,2372,156.5,1487.18681319,169.428571429
571,58,193,1820,142.0,2535.84615385,130.0
572,335,481,5268,366.5,1760.68131868,376.285714286
573,29,68,710,51.5,141.912087912,50.7142857143
574,40,65,762,57.0,72.8791208791,54.4285714286
575,105,213,2080,150.5,1095.95604396,148.571428571
576,56,123,1170,78.0,514.879120879,83.5714285714
577,475,767,8397,571.5,8012.48901099,599.785714286
578,84,172,1731,129.0,655.93956044,123.642857143
579,98,195,1772,111.0,903.956043956,126.571428571
580,513,893,9018,644.0,12458.5934066,644.142857143
581,51,125,1091,74.0,477.60989011,77.9285714286
582,34,127,964,55.0,914.593406593,68.8571428571
583,32,114,822,51.5,712.681318681,58.7142857143
584,75,147,1405,93.0,468.401098901,100.357142857
585,51,104,1098,78.5,291.186813187,78.4285714286
586,35,106,1164,87.0,316.901098901,83.1428571429
587,99,181,1781,120.5,498.796703297,127.214285714
588,33,77,743,53.0,161.148351648,53.0714285714
589,36,57,681,50.0,45.6318681319,48.6428571429
590,84,144,1578,116.5,313.142857143,112.714285714
591,35,100,758,53.5,213.978021978,54.1428571429
592,281,423,4946,362.5,2362.37362637,353.285714286
593,130,294,2744,166.0,3683.53846154,196.0
594,35,158,1210,64.0,2255.03296703,86.4285714286
595,128,465,3479,342.0,12000.0181818,316.272727273
596,31,58,597,41.0,83.1703296703,42.6428571429
597,58,91,978,68.5,106.747252747,69.8571428571
598,55,101,1076,79.0,198.593406593,76.8571428571
599,46,75,787,54.0,79.1043956044,56.2142857143
600,174,287,3197,227.5,1429.01648352,228.357142857
601,75,137,1450,102.0,306.10989011,103.571428571
602,60,96,1056,71.5,133.340659341,75.4285714286
603,51,114,1078,81.0,308.307692308,77.0
604,27,169,1464,88.5,2434.57142857,104.571428571
605,49,89,957,69.0,134.554945055,68.3571428571
606,95,206,1811,125.5,710.093406593,129.357142857
607,72,120,1293,89.0,197.93956044,92.3571428571
608,241,322,3911,275.5,687.631868132,279.357142857
609,71,126,1245,86.0,236.532967033,88.9285714286
610,62,115,1217,83.5,323.917582418,86.9285714286
611,104,202,1954,135.5,601.494505495,139.571428571
612,69,152,1339,92.5,509.631868132,95.6428571429
613,156,326,2789,186.0,2118.02747253,199.214285714
614,145,194,2429,177.0,191.038461538,173.5
615,110,193,2032,141.5,551.362637363,145.142857143
616,74,117,1276,89.0,196.43956044,91.1428571429
617,32,123,985,81.0,782.628787879,82.0833333333
618,106,235,2265,169.0,1693.71978022,161.785714286
619,24,112,997,71.5,612.950549451,71.2142857143
620,94,194,2139,155.0,1161.87362637,152.785714286
621,79,164,1819,126.0,603.60989011,129.928571429
622,35,104,829,53.0,385.412087912,59.2142857143
623,62,127,1334,93.5,298.373626374,95.2857142857
624,107,204,2160,152.5,703.758241758,154.285714286
625,81,125,1434,103.0,223.494505495,102.428571429
626,68,120,1382,101.0,224.835164835,98.7142857143
627,115,354,3044,205.5,5766.10989011,217.428571429
628,140,320,2860,169.5,3992.68131868,204.285714286
629,115,206,2037,127.0,1105.19230769,145.5
630,71,226,1954,115.0,2097.8021978,139.571428571
631,130,195,2313,166.5,459.873626374,165.214285714
632,1,85,306,31.0,845.25,34.0
633,41,86,793,53.5,128.708791209,56.6428571429
634,60,111,1127,81.5,212.269230769,80.5
635,40,77,831,59.5,166.247252747,59.3571428571
636,51,106,1198,87.5,255.032967033,85.5714285714
637,120,264,2860,219.0,1590.21978022,204.285714286
638,182,338,3809,282.0,1776.37912088,272.071428571
639,67,162,1436,96.0,806.571428571,102.571428571
640,118,180,2029,143.0,313.917582418,144.928571429
641,47,84,893,60.5,102.335164835,63.7857142857
642,113,190,2008,141.0,355.340659341,143.428571429
643,77,115,1376,96.0,124.989010989,98.2857142857
644,29,95,765,46.0,454.247252747,54.6428571429
645,77,128,1499,109.5,273.763736264,107.071428571
646,40,142,1234,98.0,1104.28571429,88.1428571429
647,101,236,2133,147.5,1625.47802198,152.357142857
648,50,103,1107,80.0,252.532967033,79.0714285714
649,60,183,1708,145.5,2239.23076923,122.0
650,478,776,8253,568.5,9260.42307692,589.5
651,117,310,2894,277.5,4429.42424242,241.166666667
652,123,291,2641,182.5,2633.78571429,188.642857143
653,86,123,1487,107.0,136.796703297,106.214285714
654,61,163,1592,105.5,802.21978022,113.714285714
655,47,88,877,61.0,126.401098901,62.6428571429
656,61,275,2180,189.0,3641.15151515,181.666666667
657,37,91,866,58.0,234.593406593,61.8571428571
658,106,244,2540,184.0,1828.57142857,181.428571429
660,51,92,1005,71.5,170.335164835,71.7857142857
661,70,147,1362,94.0,500.373626374,97.2857142857
662,26,119,1122,89.0,1066.74725275,80.1428571429
663,60,111,1234,89.0,255.67032967,88.1428571429
664,45,96,946,66.0,238.571428571,67.5714285714
665,64,187,1508,100.0,1550.37362637,107.714285714
666,22,87,867,63.0,376.532967033,61.9285714286
667,224,327,3797,262.5,1329.25824176,271.214285714
668,137,518,3413,169.5,17646.0274725,243.785714286
669,74,119,1278,87.5,252.21978022,91.2857142857
670,117,231,2145,144.5,1001.71978022,153.214285714
671,174,310,3140,220.5,1660.68131868,224.285714286
672,70,162,1607,105.0,874.181318681,114.785714286
673,58,100,1122,80.5,134.285714286,80.1428571429
674,36,231,2084,188.0,4952.59340659,148.857142857
675,55,82,966,68.0,92.9230769231,69.0
676,117,265,2030,135.0,1424.46153846,145.0
677,62,123,1407,105.5,260.884615385,100.5
678,50,134,1131,81.0,490.489010989,80.7857142857
679,468,808,8332,560.0,13753.5164835,595.142857143
680,12,70,647,51.5,290.642857143,46.2142857143
681,65,103,1192,84.5,174.131868132,85.1428571429
682,55,129,1126,74.0,575.340659341,80.4285714286
683,33,122,822,53.5,524.989010989,58.7142857143
684,57,87,971,69.0,81.478021978,69.3571428571
685,196,363,3400,239.0,1894.9010989,242.857142857
686,94,175,1946,137.5,433.846153846,139.0
687,57,106,1127,79.0,304.115384615,80.5
688,79,127,1355,89.0,211.565934066,96.7857142857
689,45,88,983,70.0,127.412087912,70.2142857143
690,76,175,1613,113.0,638.489010989,115.214285714
691,143,307,2804,191.0,2115.91208791,200.285714286
692,79,177,1619,100.0,1111.32417582,115.642857143
693,33,90,932,69.5,266.263736264,66.5714285714
694,53,158,1590,133.0,1624.10989011,113.571428571
695,104,289,2447,160.5,3101.71978022,174.785714286
696,54,108,1010,72.0,189.824175824,72.1428571429
697,1,133,1148,100.5,1610.30769231,82.0
698,36,87,856,60.0,162.43956044,61.1428571429
699,36,88,945,71.0,251.653846154,67.5
701,2,107,1115,84.5,735.93956044,79.6428571429
702,73,171,1549,108.0,755.016483516,110.642857143
703,21,89,717,48.0,494.796703297,51.2142857143
704,31,102,1024,84.0,637.978021978,73.1428571429
705,28,146,1172,61.0,2103.75824176,83.7142857143
706,47,90,911,60.5,182.686813187,65.0714285714
707,47,98,1081,77.0,165.412087912,77.2142857143
708,56,142,1287,91.0,615.60989011,91.9285714286
709,41,76,883,65.0,89.3021978022,63.0714285714
710,50,94,1038,75.5,126.593406593,74.1428571429
711,62,142,1376,105.0,691.450549451,98.2857142857
712,51,146,1261,89.5,752.071428571,90.0714285714
713,171,272,3060,200.5,1244.41758242,218.571428571
714,103,231,2228,143.5,1669.05494505,159.142857143
715,176,345,3448,231.0,2123.75824176,246.285714286
716,37,130,1401,110.0,894.379120879,100.071428571
717,70,163,1592,119.0,931.142857143,113.714285714
718,54,125,1090,75.5,335.824175824,77.8571428571
719,102,171,1876,129.5,409.692307692,134.0
720,89,188,1990,145.5,616.43956044,142.142857143
721,49,311,2062,117.5,6818.52747253,147.285714286
722,17,142,854,128.0,2439.64285714,106.75
723,148,271,2822,194.0,1981.49450549,201.571428571
724,26,52,542,36.5,81.7582417582,38.7142857143
725,98,142,1702,120.5,227.648351648,121.571428571
726,36,80,765,54.0,129.324175824,54.6428571429
727,27,131,1043,74.0,881.346153846,74.5
728,354,464,5830,418.0,812.879120879,416.428571429
729,233,351,3759,256.0,1099.34615385,268.5
730,198,352,3830,266.5,2354.41758242,273.571428571
731,703,1771,18800,1522.0,146052.901099,1342.85714286
732,72,231,2011,142.5,2871.01648352,143.642857143
733,51,133,1310,92.5,713.340659341,93.5714285714
734,110,245,2187,141.0,2036.7967033,156.214285714
735,39,82,825,58.0,117.763736264,58.9285714286
736,83,146,1424,95.5,360.835164835,101.714285714
737,266,428,4917,361.5,2272.02747253,351.214285714
738,119,225,2243,153.0,1331.56593407,160.214285714
739,69,134,1304,93.0,286.593406593,93.1428571429
740,69,288,1741,107.0,3549.63186813,124.357142857
741,29,127,1304,95.5,646.593406593,93.1428571429
742,27,598,2734,68.5,52840.6813187,195.285714286
743,19,123,1044,94.5,1675.49450549,74.5714285714
744,62,219,1672,92.5,3138.57142857,119.428571429
745,28,83,412,45.5,394.0,51.5
746,42,94,965,73.0,207.763736264,68.9285714286
747,355,572,6023,404.5,4620.48901099,430.214285714
748,103,173,1875,133.0,597.763736264,133.928571429
749,22,106,725,34.5,834.950549451,51.7857142857
750,64,181,1795,125.0,1285.71978022,128.214285714
751,1,118,893,80.5,975.537878788,74.4166666667
752,14,185,1400,123.5,3046.76923077,100.0
753,46,79,884,65.0,87.978021978,63.1428571429
754,67,196,1815,135.0,1370.86263736,129.642857143
755,79,225,1839,115.5,1838.55494505,131.357142857
756,111,173,2048,149.0,528.835164835,146.285714286
757,124,214,2291,145.5,1076.70879121,163.642857143
758,1,75,696,62.0,787.296703297,49.7142857143
759,62,159,1663,131.5,1123.71978022,118.785714286
760,77,185,1681,115.0,958.994505495,120.071428571
761,77,106,1325,96.5,78.7087912088,94.6428571429
762,74,256,1920,140.5,1808.59340659,137.142857143
763,68,152,1503,105.0,512.708791209,107.357142857
764,54,114,1072,73.0,337.648351648,76.5714285714
765,54,139,1342,100.5,855.208791209,95.8571428571
766,36,83,800,54.0,143.67032967,57.1428571429
767,45,78,900,64.0,98.5274725275,64.2857142857
768,29,118,939,66.5,856.994505495,67.0714285714
769,76,273,2358,163.0,4593.03296703,168.428571429
770,37,71,764,53.0,100.10989011,54.5714285714
771,68,146,1400,94.0,546.769230769,100.0
772,114,183,2129,149.0,458.379120879,152.071428571
773,115,261,2386,150.5,2213.95604396,170.428571429
774,154,292,2881,197.0,2004.48901099,205.785714286
775,208,382,4330,324.5,2439.45054945,309.285714286
776,189,385,3501,218.5,3389.45604396,250.071428571
777,59,226,2291,198.5,4038.4010989,163.642857143
778,9,146,1301,103.5,1762.68681319,92.9285714286
779,90,263,2786,221.0,2909.38461538,199.0
780,89,130,1554,111.5,114.307692308,111.0
781,151,297,2838,190.5,2460.06593407,202.714285714
782,23,71,620,43.5,215.912087912,44.2857142857
783,63,123,1344,100.0,306.307692308,96.0
784,51,75,844,58.5,49.6043956044,60.2857142857
785,54,134,1041,69.5,394.554945055,74.3571428571
786,38,126,855,56.0,559.148351648,61.0714285714
787,69,142,1443,101.5,492.840659341,103.071428571
788,109,384,3861,337.5,9609.1043956,275.785714286
789,52,216,1927,166.5,4155.93956044,137.642857143
790,39,74,772,52.0,128.901098901,55.1428571429
791,55,99,1106,77.5,175.846153846,79.0
792,104,261,2496,180.5,2690.83516484,178.285714286
793,35,123,843,49.5,549.71978022,60.2142857143
794,130,206,1832,161.0,701.672727273,166.545454545
795,48,133,1329,98.0,713.917582418,94.9285714286
796,17,134,1024,67.0,1301.20879121,73.1428571429
797,66,136,1396,94.5,526.681318681,99.7142857143
798,22,124,1035,92.5,1628.68681319,73.9285714286
799,73,173,1524,98.5,837.824175824,108.857142857
800,155,284,2972,212.5,2143.75824176,212.285714286
801,45,133,1222,84.5,579.604395604,87.2857142857
802,37,121,1042,74.5,617.648351648,74.4285714286
803,31,245,2159,198.5,7493.41208791,154.214285714
804,81,141,1519,103.0,272.576923077,108.5
805,82,240,2213,176.5,3084.37912088,158.071428571
806,418,876,7581,481.5,23147.3461538,541.5
807,51,95,932,63.5,219.802197802,66.5714285714
808,169,660,4761,304.0,25058.9945055,340.071428571
809,40,76,814,58.0,124.131868132,58.1428571429
811,38,81,787,53.0,162.950549451,56.2142857143
812,31,198,1652,156.0,4167.84615385,118.0
813,51,98,987,69.5,169.192307692,70.5
814,166,254,2937,207.0,467.412087912,209.785714286
815,39,119,791,49.5,419.653846154,56.5
816,230,414,4249,296.0,2303.80769231,303.5
817,92,173,1754,124.5,393.296703297,125.285714286
818,41,106,906,61.5,464.989010989,64.7142857143
819,13,79,664,62.0,712.879120879,47.4285714286
820,175,277,3105,225.0,867.104395604,221.785714286
821,149,286,2802,187.0,1692.28571429,200.142857143
822,47,129,1060,70.5,384.527472527,75.7142857143
823,80,128,1452,101.0,186.21978022,103.714285714
824,50,129,1378,96.5,436.10989011,98.4285714286
825,382,644,7503,526.0,5595.60989011,535.928571429
826,44,116,1199,89.0,542.862637363,85.6428571429
827,23,79,726,56.5,399.978021978,51.8571428571
828,34,67,732,54.5,100.681318681,52.2857142857
829,303,529,5474,391.5,4468.46153846,391.0
830,77,127,1337,95.5,191.807692308,95.5
831,154,277,3139,224.5,965.873626374,224.214285714
832,52,81,939,67.5,60.532967033,67.0714285714
833,44,87,752,51.5,122.989010989,53.7142857143
834,55,148,1339,89.0,880.708791209,95.6428571429
835,80,132,1448,102.5,251.186813187,103.428571429
836,69,173,1547,106.0,831.346153846,110.5
837,41,106,1037,74.5,362.532967033,74.0714285714
838,103,155,1834,132.0,242.615384615,131.0
839,66,126,1248,83.5,362.901098901,89.1428571429
840,100,287,2735,188.5,4555.01648352,195.357142857
841,27,65,679,45.5,117.038461538,48.5
842,27,94,660,42.0,377.208791209,47.1428571429
843,54,80,927,64.5,92.7967032967,66.2142857143
844,58,141,1151,74.5,544.335164835,82.2142857143
845,45,101,952,67.0,249.384615385,68.0
846,45,90,877,63.5,133.631868132,62.6428571429
847,59,197,1499,81.0,2430.07142857,107.071428571
848,45,146,1437,128.0,1590.70879121,102.642857143
849,62,128,1169,76.0,394.269230769,83.5
850,130,456,3409,207.5,12537.9615385,243.5
851,48,118,1065,75.0,343.302197802,76.0714285714
852,64,198,1607,108.5,1932.02747253,114.785714286
853,66,177,1502,84.0,1749.91208791,107.285714286
854,437,649,7377,506.0,4459.45604396,526.928571429
855,25,71,608,42.5,140.571428571,43.4285714286
856,30,74,734,48.0,247.032967033,52.4285714286
857,40,106,888,57.5,421.032967033,63.4285714286
858,46,126,1207,95.0,791.104395604,86.2142857143
859,53,159,1398,97.5,565.516483516,99.8571428571
860,499,828,8436,557.0,8873.49450549,602.571428571
861,73,137,1547,114.5,319.653846154,110.5
862,142,231,2463,169.5,688.994505495,175.928571429
863,22,77,801,57.5,266.950549451,57.2142857143
864,333,754,7981,618.0,21489.456044,570.071428571
865,193,399,3784,253.5,3863.45054945,270.285714286
866,23,372,2944,314.0,22152.0659341,210.285714286
867,52,151,1586,122.0,972.989010989,113.285714286
868,104,287,3033,234.5,3710.55494505,216.642857143
869,259,473,4742,317.5,5748.37362637,338.714285714
870,193,275,3223,231.0,592.181318681,230.214285714
871,44,147,1226,82.0,777.186813187,87.5714285714
872,21,342,2285,174.5,12090.9505495,163.214285714
873,72,210,1930,148.0,1590.9010989,137.857142857
874,75,279,2612,204.5,4706.87912088,186.571428571
875,42,113,1100,83.5,667.032967033,78.5714285714
876,71,323,2939,223.5,6892.37912088,209.928571429
877,157,234,2698,191.5,574.989010989,192.714285714
878,25,82,793,60.0,171.631868132,56.6428571429
879,39,115,1052,73.0,566.43956044,75.1428571429
880,32,112,1020,77.0,423.978021978,72.8571428571
881,87,145,1600,116.5,323.142857143,114.285714286
882,54,129,1381,103.0,415.17032967,98.6428571429
883,53,108,1195,88.5,241.17032967,85.3571428571
884,121,189,2184,168.0,577.076923077,156.0
885,79,188,1785,116.0,1137.96153846,127.5
886,51,94,975,66.5,218.862637363,69.6428571429
887,29,193,1177,59.0,2487.76373626,84.0714285714
888,36,105,948,71.5,539.758241758,67.7142857143
889,99,199,1951,133.0,627.324175824,139.357142857
890,30,69,654,45.0,186.065934066,46.7142857143
891,428,1006,8731,584.5,30179.3241758,623.642857143
892,123,240,2618,192.5,907.384615385,187.0
893,46,97,930,59.5,313.802197802,66.4285714286
894,65,137,1486,102.0,605.208791209,106.142857143
895,83,191,1989,164.0,1751.45604396,142.071428571
896,75,114,1295,94.0,138.269230769,92.5
897,235,601,5016,335.0,12475.9120879,358.285714286
898,60,138,1531,110.5,629.324175824,109.357142857
899,95,401,2060,117.0,6235.20879121,147.142857143
900,484,1037,10371,654.0,45510.489011,740.785714286
901,87,170,1677,114.5,707.565934066,119.785714286
902,29,87,895,72.5,404.071428571,63.9285714286
903,21,81,688,54.5,327.208791209,49.1428571429
904,37,135,1182,72.0,1117.34065934,84.4285714286
905,61,139,1226,82.0,343.802197802,87.5714285714
906,69,137,1400,102.0,363.692307692,100.0
907,63,117,1271,87.0,304.027472527,90.7857142857
908,58,108,1189,84.0,198.532967033,84.9285714286
909,103,181,1835,127.5,505.60989011,131.071428571
910,207,342,3569,251.5,1270.68681319,254.928571429
911,49,89,968,71.0,161.978021978,69.1428571429
912,56,150,1454,100.5,731.362637363,103.857142857
913,51,225,1560,100.5,3132.41758242,111.428571429
914,40,84,800,55.0,123.824175824,57.1428571429
915,86,125,1544,112.5,127.450549451,110.285714286
916,228,334,3805,273.0,960.642857143,271.785714286
917,38,92,948,66.0,231.450549451,67.7142857143
918,60,105,1090,78.5,220.43956044,77.8571428571
919,35,93,808,58.0,294.065934066,57.7142857143
920,32,120,986,62.0,842.417582418,70.4285714286
921,52,162,1621,119.0,1097.56593407,115.785714286
922,62,115,1137,78.5,273.71978022,81.2142857143
923,76,184,1587,98.0,1036.4010989,113.357142857
924,47,163,1595,131.5,1549.60989011,113.928571429
925,9,136,918,84.0,2460.58974359,70.6153846154
926,67,118,1205,84.5,178.071428571,86.0714285714
927,45,120,1088,72.0,529.912087912,77.7142857143
928,90,141,1562,106.5,213.648351648,111.571428571
929,32,77,801,59.0,246.181318681,57.2142857143
930,3,91,812,70.0,549.515151515,67.6666666667
931,54,184,1925,141.5,1669.03846154,137.5
932,45,80,804,56.0,95.032967033,57.4285714286
933,48,122,1201,86.5,430.335164835,85.7857142857
934,670,867,10299,714.0,4135.78571429,735.642857143
935,72,154,1552,113.5,676.901098901,110.857142857
936,25,100,814,47.5,744.43956044,58.1428571429
937,71,208,1765,110.5,2381.45604396,126.071428571
938,62,103,1243,88.5,132.335164835,88.7857142857
939,42,146,1407,112.0,1415.34615385,100.5
940,70,125,1518,111.0,186.10989011,108.428571429
941,36,84,744,52.0,159.978021978,53.1428571429
942,43,93,867,61.0,221.763736264,61.9285714286
943,50,129,1183,73.0,785.961538462,84.5
944,33,74,732,48.5,212.065934066,52.2857142857
945,34,91,883,60.5,198.840659341,63.0714285714
946,95,157,1724,119.0,355.824175824,123.142857143
947,44,93,950,70.0,174.901098901,67.8571428571
948,51,105,1197,91.0,266.884615385,85.5
949,52,95,982,68.0,125.208791209,70.1428571429
950,127,165,2074,149.5,161.978021978,148.142857143
951,155,315,3156,206.0,2828.26373626,225.428571429
952,52,116,1156,78.0,302.725274725,82.5714285714
953,141,231,2323,162.0,518.071428571,165.928571429
954,70,122,1162,96.5,286.151515152,96.8333333333
955,85,184,1564,100.0,968.21978022,111.714285714
956,22,69,613,42.0,212.796703297,43.7857142857
957,150,282,2909,193.0,2387.71978022,207.785714286
958,1,218,1561,159.0,4493.09090909,141.909090909
959,186,295,3136,218.5,953.846153846,224.0
960,41,106,1118,83.5,430.593406593,79.8571428571
961,176,334,3637,267.0,2612.95054945,259.785714286
962,72,140,1571,111.5,305.873626374,112.214285714
963,31,96,909,72.0,584.532967033,64.9285714286
964,79,305,2420,144.5,4687.51648352,172.857142857
965,58,106,1110,80.0,179.604395604,79.2857142857
966,74,124,1408,100.5,241.340659341,100.571428571
967,57,97,1064,74.5,179.538461538,76.0
968,82,156,1682,125.5,486.901098901,120.142857143
969,121,169,2003,141.0,213.60989011,143.071428571
970,45,150,1447,114.5,1469.01648352,103.357142857
971,94,141,1590,112.5,194.571428571,113.571428571
972,138,212,2399,173.5,498.862637363,171.357142857
973,157,241,2687,191.5,522.379120879,191.928571429
974,46,146,1466,110.0,1256.37362637,104.714285714
975,66,151,1468,110.0,533.516483516,104.857142857
976,55,100,1136,81.5,153.978021978,81.1428571429
977,66,113,1329,92.0,201.302197802,94.9285714286
978,103,173,2022,153.5,570.417582418,144.428571429
979,88,170,1660,115.0,474.417582418,118.571428571
980,68,133,1368,97.5,397.604395604,97.7142857143
981,30,143,996,59.0,1673.97802198,71.1428571429
982,77,127,1489,112.0,241.016483516,106.357142857
983,41,91,1029,79.0,327.346153846,73.5
984,60,156,1442,98.0,719.846153846,103.0
985,108,346,3300,255.5,6004.37362637,235.714285714
986,45,141,1485,114.0,1030.84065934,106.071428571
987,21,97,864,69.0,751.912087912,61.7142857143
988,250,525,4717,313.5,5125.76373626,336.928571429
989,84,179,1967,150.5,1071.5,140.5
990,74,257,2040,131.5,3764.06593407,145.714285714
991,75,136,1499,107.5,342.994505495,107.071428571
992,33,130,1208,88.5,1186.83516484,86.2857142857
993,35,81,940,73.0,206.901098901,67.1428571429
994,70,167,1525,91.5,1097.14835165,108.928571429
995,95,162,1749,120.5,331.763736264,124.928571429
996,21,93,913,68.0,472.335164835,65.2142857143
997,57,127,1338,106.0,419.41025641,102.923076923
998,131,252,2428,175.0,1197.34065934,173.428571429
999,52,359,2898,266.0,14005.0769231,222.923076923
1000,47,129,1190,84.5,756.461538462,85.0
1001,22,53,479,30.5,150.642857143,34.2142857143
1002,39,156,1009,60.0,1093.14835165,72.0714285714
1003,36,80,753,52.5,169.565934066,53.7857142857
1004,83,148,1695,129.0,461.148351648,121.071428571
1005,5,145,1182,109.0,1322.45454545,98.5
1006,35,90,953,68.0,213.148351648,68.0714285714
1007,85,150,1594,116.0,363.362637363,113.857142857
1008,46,124,1046,66.5,468.835164835,74.7142857143
1009,49,143,1195,76.5,961.17032967,85.3571428571
1010,36,78,738,51.0,140.835164835,52.7142857143
1011,84,119,1465,108.0,108.401098901,104.642857143
1012,62,210,2098,176.0,2660.9010989,149.857142857
1013,49,196,1762,142.5,2470.43956044,125.857142857
1014,49,73,884,66.0,55.0549450549,63.1428571429
1015,65,129,1344,93.5,315.692307692,96.0
1016,44,74,845,61.5,77.9395604396,60.3571428571
1017,106,195,2068,152.5,924.065934066,147.714285714
1018,312,695,6183,393.5,14792.0934066,441.642857143
1019,95,158,1726,121.0,268.681318681,123.285714286
1020,31,70,722,54.0,152.725274725,51.5714285714
1021,109,162,1808,123.0,267.67032967,129.142857143
1022,84,167,1588,113.0,579.186813187,113.428571429
1023,24,73,629,40.0,171.456043956,44.9285714286
1024,55,85,1003,74.0,96.5549450549,71.6428571429
1025,115,204,2119,152.5,690.708791209,151.357142857
1026,71,169,1472,99.5,635.362637363,105.142857143
1027,93,164,1796,126.5,280.989010989,128.285714286
1028,17,80,707,56.0,419.961538462,50.5
1029,23,88,794,66.0,654.373626374,56.7142857143
1030,28,163,1309,103.5,2564.11538462,93.5
1031,28,69,732,54.5,200.21978022,52.2857142857
1032,38,89,845,55.0,258.093406593,60.3571428571
1033,45,103,917,61.0,308.576923077,65.5
1034,78,134,1339,96.0,208.247252747,95.6428571429
1035,126,264,2435,167.0,1968.53296703,173.928571429
1036,73,143,1379,97.0,271.038461538,98.5
1037,49,110,1136,71.5,419.824175824,81.1428571429
1038,134,201,2238,156.0,285.208791209,159.857142857
1039,275,420,4477,311.5,1319.71978022,319.785714286
1040,34,113,905,56.0,553.016483516,64.6428571429
1041,123,255,2449,165.0,1382.07142857,174.928571429
1042,97,176,1769,122.0,627.016483516,126.357142857
1043,132,237,2443,171.0,934.884615385,174.5
1044,51,119,1106,65.5,532.461538462,79.0
1045,104,194,1860,123.0,765.208791209,132.857142857
1046,42,72,808,59.0,89.7582417582,57.7142857143
1047,40,135,1220,85.0,884.901098901,87.1428571429
1048,43,71,789,55.5,78.5549450549,56.3571428571
1049,69,143,1461,104.0,466.093406593,104.357142857
1050,33,120,858,58.0,492.065934066,61.2857142857
1051,48,84,904,57.5,168.10989011,64.5714285714
1052,205,415,4020,283.0,3409.20879121,287.142857143
1053,7,102,854,75.5,764.151515152,71.1666666667
1054,35,103,953,86.0,412.992424242,79.4166666667
1055,58,160,1542,113.0,1279.67032967,110.142857143
1056,63,123,1212,84.5,350.725274725,86.5714285714
1057,58,113,1192,80.5,255.67032967,85.1428571429
1058,27,142,922,58.0,879.208791209,65.8571428571
1059,56,107,1270,91.0,192.373626374,90.7142857143
1060,60,202,1983,149.0,2361.78571429,141.642857143
1061,108,196,1960,134.5,625.538461538,140.0
1062,71,125,1227,84.5,186.093406593,87.6428571429
1063,21,89,751,48.5,551.631868132,53.6428571429
1064,37,75,783,56.0,107.917582418,55.9285714286
1065,45,118,1270,91.5,394.373626374,90.7142857143
1066,97,218,2225,162.5,1285.60989011,158.928571429
1067,15,223,2058,174.5,5308.30769231,147.0
1068,45,77,846,61.5,135.648351648,60.4285714286
1069,106,210,2201,151.5,848.027472527,157.214285714
1070,43,80,879,65.0,126.796703297,62.7857142857
1071,30,488,2338,119.0,21395.0769231,167.0
1072,93,593,4394,375.5,27477.6703297,313.857142857
1073,46,76,866,63.0,79.3626373626,61.8571428571
1074,51,175,1662,116.0,1543.14285714,118.714285714
1075,51,88,933,63.0,133.785714286,66.6428571429
1076,78,122,1479,109.5,185.324175824,105.642857143
1077,42,76,803,56.0,134.401098901,57.3571428571
1078,32,118,1046,76.5,652.989010989,74.7142857143
1079,47,92,908,66.0,146.131868132,64.8571428571
1080,39,76,711,47.5,111.565934066,50.7857142857
1081,66,79,1009,73.0,17.1483516484,72.0714285714
1082,58,101,1053,74.0,132.181318681,75.2142857143
1083,53,144,1349,90.5,675.631868132,96.3571428571
1084,85,174,1718,107.5,1030.37362637,122.714285714
1085,89,225,1934,125.0,1989.20879121,138.142857143
1086,59,254,1386,79.5,3145.53846154,99.0
1087,26,162,1245,82.0,1503.60989011,88.9285714286
1088,70,138,1353,97.0,242.401098901,96.6428571429
1089,34,85,745,49.0,225.104395604,53.2142857143
1090,119,393,3366,361.0,12119.0,306.0
1091,60,85,1045,76.0,61.7857142857,74.6428571429
1092,117,221,2076,140.0,947.142857143,148.285714286
1093,38,192,1459,176.5,3066.98888889,145.9
1094,96,263,2151,147.0,1720.70879121,153.642857143
1095,105,184,1818,119.5,608.901098901,129.857142857
1096,47,123,1310,98.0,579.494505495,93.5714285714
1097,30,78,664,42.0,189.494505495,47.4285714286
1098,118,224,2648,196.5,829.516483516,189.142857143
1099,73,131,1365,96.5,265.5,97.5
1100,23,151,1001,49.0,2304.26923077,71.5
1101,82,178,1751,109.0,1383.3021978,125.071428571
1102,89,248,2107,138.0,2048.88461538,150.5
1103,19,69,574,46.0,221.141025641,44.1538461538
1104,193,523,4185,266.0,10037.9175824,298.928571429
1105,64,115,1293,89.5,211.478021978,92.3571428571
1106,16,67,634,54.0,435.450549451,45.2857142857
1107,28,109,797,45.0,690.532967033,56.9285714286
1108,80,179,1679,127.5,970.532967033,119.928571429
1109,85,137,542,104.0,358.8,108.4
1110,93,234,2392,188.0,2397.67032967,170.857142857
1111,17,79,708,54.0,429.186813187,50.5714285714
1112,28,103,1041,77.5,364.401098901,74.3571428571
1113,155,235,2648,186.0,707.824175824,189.142857143
1114,81,210,2146,173.5,2347.91208791,153.285714286
1115,11,70,569,42.5,253.93956044,40.6428571429
1116,11,334,2446,209.5,14230.3736264,174.714285714
1117,209,303,3565,253.0,850.708791209,254.642857143
1118,70,204,1795,112.5,2497.87362637,128.214285714
1119,49,111,1004,67.0,291.604395604,71.7142857143
1120,30,60,607,41.5,70.0934065934,43.3571428571
1121,92,162,1779,126.0,398.379120879,127.071428571
1122,73,151,1529,105.5,710.335164835,109.214285714
1123,422,749,7931,588.0,10590.1153846,566.5
1124,15,125,705,31.0,1268.70879121,50.3571428571
1125,168,414,3612,233.0,6270.92307692,258.0
1126,81,145,1424,98.5,307.142857143,101.714285714
1127,69,166,1491,99.5,769.961538462,106.5
1128,43,118,1075,78.5,577.873626374,76.7857142857
1129,76,166,1505,105.5,549.038461538,107.5
1130,55,129,1318,97.0,495.978021978,94.1428571429
1131,73,225,2259,197.5,4240.86263736,161.357142857
1132,55,82,975,70.5,89.0164835165,69.6428571429
1133,39,78,726,51.0,111.362637363,51.8571428571
1134,55,109,1025,68.5,298.950549451,73.2142857143
1135,78,221,2091,141.0,1379.47802198,149.357142857
1136,170,256,3012,226.0,765.362637363,215.142857143
1137,58,109,1043,74.5,178.269230769,74.5
1138,31,80,738,50.5,136.681318681,52.7142857143
1139,55,93,1007,70.5,163.917582418,71.9285714286
1140,33,187,1497,128.0,3399.3021978,106.928571429
1141,53,113,1226,88.0,312.571428571,87.5714285714
1142,52,122,1128,74.5,487.032967033,80.5714285714
1143,64,176,1363,84.0,1068.09340659,97.3571428571
1144,61,129,1244,86.5,398.285714286,88.8571428571
1145,39,142,965,63.5,756.379120879,68.9285714286
1146,161,215,2641,189.0,193.478021978,188.642857143
1147,158,496,5562,430.0,9843.2967033,397.285714286
1148,29,82,876,65.5,227.494505495,62.5714285714
1149,36,83,825,58.5,185.763736264,58.9285714286
1150,277,477,4925,335.0,3545.71978022,351.785714286
1151,78,155,1635,113.5,585.258241758,116.785714286
1152,164,267,2875,192.5,1254.4010989,205.357142857
1153,146,291,2875,201.0,2159.63186813,205.357142857
1154,35,100,904,64.5,365.340659341,64.5714285714
1155,38,76,808,57.5,79.1428571429,57.7142857143
1156,45,118,1081,69.0,459.873626374,77.2142857143
1157,31,94,927,77.0,549.873626374,66.2142857143
1158,52,90,928,65.5,116.065934066,66.2857142857
1159,58,113,1113,79.5,181.038461538,79.5
1160,25,66,676,50.0,205.142857143,48.2857142857
1161,51,159,1361,91.0,1735.41208791,97.2142857143
1162,54,139,1216,79.0,602.747252747,86.8571428571
1163,28,130,1053,81.0,1182.48901099,75.2142857143
1164,30,89,738,44.0,433.296703297,52.7142857143
1165,48,91,916,69.0,164.571428571,65.4285714286
1166,67,107,1230,84.5,143.824175824,87.8571428571
1167,66,189,1426,85.5,1252.59340659,101.857142857
1168,153,352,3167,207.5,3686.7967033,226.214285714
1169,115,170,1966,142.5,349.648351648,140.428571429
1170,42,85,801,59.0,171.565934066,57.2142857143
1171,37,196,1119,62.5,1899.14835165,79.9285714286
1172,41,120,967,61.0,613.456043956,69.0714285714
1173,72,120,1280,87.0,248.725274725,91.4285714286
1174,52,173,1574,130.0,1567.64835165,112.428571429
1175,122,232,2543,177.5,858.093406593,181.642857143
1176,76,144,1528,109.0,291.516483516,109.142857143
1177,83,122,1490,105.5,118.571428571,106.428571429
1178,61,270,2247,182.5,6519.80769231,160.5
1179,62,126,1305,94.0,260.489010989,93.2142857143
1180,97,192,2033,138.0,838.796703297,145.214285714
1181,144,210,2516,181.0,412.21978022,179.714285714
1182,45,104,941,64.0,362.489010989,67.2142857143
1183,36,100,860,63.0,344.263736264,61.4285714286
1184,79,165,1733,127.5,599.412087912,123.785714286
1185,5,310,2363,254.0,8332.96363636,214.818181818
1186,55,82,948,68.5,72.989010989,67.7142857143
1187,49,113,1120,82.0,482.307692308,80.0
1188,54,155,1610,122.0,974.461538462,115.0
1189,53,119,1091,80.0,394.91025641,83.9230769231
1190,271,518,5251,365.0,4794.53296703,375.071428571
1191,45,71,854,61.0,42.3076923077,61.0
1192,54,91,1010,69.0,165.208791209,72.1428571429
1193,62,144,1304,93.5,557.978021978,93.1428571429
1194,112,215,2217,153.0,943.631868132,158.357142857
1195,51,166,1166,67.5,1150.06593407,83.2857142857
1196,85,149,1534,102.5,387.494505495,109.571428571
1197,100,172,1775,125.5,334.181318681,126.785714286
1198,54,87,994,68.5,134.307692308,71.0
1199,22,161,1321,123.5,3175.78571429,94.3571428571
1200,47,83,924,67.0,78.1538461538,66.0
1201,76,225,2088,153.5,2836.43956044,149.142857143
1202,22,72,597,41.5,272.554945055,42.6428571429
1203,115,279,2701,168.5,4802.68681319,192.928571429
1204,73,189,1738,119.0,1638.59340659,124.142857143
1205,38,136,1310,99.0,1124.10989011,93.5714285714
1206,19,68,717,57.5,275.71978022,51.2142857143
1207,42,111,979,63.5,332.225274725,69.9285714286
1208,86,172,1660,111.0,1016.26373626,118.571428571
1209,38,83,829,56.0,160.335164835,59.2142857143
1210,60,99,1128,81.5,131.340659341,80.5714285714
1211,146,362,3349,223.5,5248.64285714,239.214285714
1212,59,114,1205,85.5,224.379120879,86.0714285714
1213,64,253,2379,206.0,5377.3021978,169.928571429
1214,3,119,795,77.0,2066.48901099,56.7857142857
1215,36,103,807,55.5,431.17032967,57.6428571429
1216,36,119,1122,85.0,721.516483516,80.1428571429
1217,103,509,3248,181.5,16463.8461538,232.0
1218,33,194,1684,152.0,3820.68131868,120.285714286
1219,39,90,795,53.5,238.489010989,56.7857142857
1220,2,221,1945,187.0,5590.42307692,149.615384615
1221,123,277,2472,158.0,2351.18681319,176.571428571
1222,60,102,1104,78.0,110.747252747,78.8571428571
1223,66,187,1589,108.5,988.423076923,113.5
1224,85,179,1744,119.0,1097.64835165,124.571428571
1225,35,88,872,63.5,232.835164835,62.2857142857
1226,427,595,7052,503.5,2163.45054945,503.714285714
1227,89,147,1663,120.0,235.873626374,118.785714286
1228,96,154,1719,119.0,312.027472527,122.785714286
1229,97,691,7713,609.5,28092.3791209,550.928571429
1230,45,89,903,59.5,211.192307692,64.5
1231,103,284,2426,169.0,1731.6043956,173.285714286
1232,27,81,859,66.0,192.862637363,61.3571428571
1233,44,115,1099,80.5,566.423076923,78.5
1234,22,80,619,33.5,445.71978022,44.2142857143
1235,61,108,1095,75.0,118.642857143,78.2142857143
1236,98,156,1747,126.5,280.950549451,124.785714286
1237,43,89,919,65.0,223.631868132,65.6428571429
1238,52,122,1325,100.5,427.016483516,94.6428571429
1239,61,83,996,71.0,41.978021978,71.1428571429
1240,112,197,2170,156.5,613.384615385,155.0
1241,29,151,1061,54.0,1847.56593407,75.7857142857
1242,45,92,954,66.5,136.747252747,68.1428571429
1243,4,58,422,38.0,333.424242424,35.1666666667
1244,124,196,2160,150.5,419.142857143,154.285714286
1245,59,101,1091,78.0,126.686813187,77.9285714286
1246,59,175,1294,78.5,1451.18681319,92.4285714286
1247,44,105,1079,80.0,265.917582418,77.0714285714
1248,74,139,1489,110.0,369.324175824,106.357142857
1249,114,249,2778,230.0,2347.49450549,198.428571429
1250,86,235,2368,189.5,2585.82417582,169.142857143
1251,63,113,1134,80.0,162.307692308,81.0
1252,105,308,2752,182.5,4885.49450549,196.571428571
1253,56,90,999,70.0,107.324175824,71.3571428571
1254,49,83,857,58.0,107.412087912,61.2142857143
1255,32,175,996,49.5,2185.05494505,71.1428571429
1256,184,324,3533,251.5,1299.32417582,252.357142857
1257,190,408,2868,265.5,5024.17777778,286.8
1258,101,284,3014,239.5,3750.52747253,215.285714286
1259,50,102,950,66.5,207.208791209,67.8571428571
1260,57,117,1246,92.0,310.153846154,89.0
1261,32,149,1264,97.5,1804.37362637,90.2857142857
1262,76,154,1466,96.5,466.373626374,104.714285714
1263,219,440,4333,292.5,5909.34615385,309.5
1264,65,203,1813,124.5,1481.96153846,129.5
1265,19,83,644,34.5,650.153846154,46.0
1266,55,102,1064,80.5,302.0,76.0
1267,134,238,2413,168.0,868.554945055,172.357142857
1268,213,384,4328,330.5,2981.97802198,309.142857143
1269,117,359,1067,295.5,12916.25,266.75
1270,60,166,1229,78.5,987.412087912,87.7857142857
1271,161,232,2639,186.0,285.807692308,188.5
1272,48,119,1229,93.5,738.027472527,87.7857142857
1273,81,161,1813,128.5,387.192307692,129.5
1274,46,86,902,63.0,141.648351648,64.4285714286
1275,58,274,1800,100.5,5103.64835165,128.571428571
1276,71,152,1542,112.0,1014.43956044,110.142857143
1277,33,115,943,66.5,477.785714286,67.3571428571
1278,37,140,1041,55.0,1365.93956044,74.3571428571
1279,77,109,1270,89.5,96.8351648352,90.7142857143
1280,57,94,1036,73.5,103.692307692,74.0
1281,59,100,1074,72.5,188.373626374,76.7142857143
1282,40,83,840,62.0,210.615384615,60.0
1283,148,298,3020,206.5,2596.68131868,215.714285714
1284,56,94,1152,84.0,105.912087912,82.2857142857
1285,81,137,1530,114.0,301.450549451,109.285714286
1286,69,145,1475,111.0,507.785714286,105.357142857
1287,88,172,1690,112.0,637.912087912,120.714285714
1288,73,145,1374,98.0,450.131868132,98.1428571429
1289,47,132,1074,73.0,555.142857143,76.7142857143
1290,56,141,1357,91.0,776.379120879,96.9285714286
1291,40,122,1021,65.5,659.148351648,72.9285714286
1292,167,273,2714,178.0,969.824175824,193.857142857
1293,73,166,1884,146.0,984.10989011,134.571428571
1294,47,98,943,65.0,223.016483516,67.3571428571
1295,53,111,1050,71.0,299.384615385,75.0
1296,510,1293,7637,648.0,79444.2333333,763.7
1297,53,247,2824,209.5,2220.37362637,201.714285714
1298,125,190,2211,155.5,383.60989011,157.928571429
1299,118,199,2206,160.0,916.571428571,157.571428571
1300,41,82,896,66.0,143.846153846,64.0
1301,75,141,1459,95.5,598.335164835,104.214285714
1302,424,1173,9771,561.5,75646.532967,697.928571429
1303,117,212,2335,169.5,918.335164835,166.785714286
1304,75,136,1462,106.5,454.263736264,104.428571429
1305,3,383,2054,146.0,19897.6060606,171.166666667
1306,283,558,5255,351.5,7135.63186813,375.357142857
1307,26,98,890,64.5,392.263736264,63.5714285714
1308,190,385,4483,343.0,3613.87362637,320.214285714
1309,118,362,3550,261.5,4544.87912088,253.571428571
1310,235,397,4207,276.0,2943.5,300.5
1311,61,139,1255,88.0,521.631868132,89.6428571429
1312,81,130,1483,102.0,210.379120879,105.928571429
1313,28,93,788,47.5,527.450549451,56.2857142857
1314,136,263,2574,183.5,1149.67032967,183.857142857
1315,50,286,2502,176.5,3601.75824176,178.714285714
1316,50,119,1050,70.0,540.0,75.0
1317,85,126,1486,107.5,201.978021978,106.142857143
1318,66,255,1717,81.5,5003.32417582,122.642857143
1319,29,59,586,40.5,59.8241758242,41.8571428571
1320,13,106,761,62.0,1275.63186813,54.3571428571
1321,34,99,894,69.0,288.593406593,63.8571428571
1322,147,272,2782,185.0,2146.68131868,198.714285714
1323,35,107,1078,84.0,596.0,77.0
1324,52,191,1980,161.0,2137.64835165,141.428571429
1325,107,169,2018,147.5,288.131868132,144.142857143
1326,338,641,6323,445.5,5555.01648352,451.642857143
1327,87,157,1582,106.0,449.230769231,113.0
1328,41,82,791,53.5,131.346153846,56.5
1329,56,112,1176,89.0,310.769230769,84.0
1330,33,72,709,50.0,112.093406593,50.6428571429
1331,14,89,644,42.0,563.230769231,46.0
1332,107,404,2833,149.5,10110.0934066,202.357142857
1333,45,100,1081,78.5,225.412087912,77.2142857143
1334,53,100,1106,81.0,272.0,79.0
1335,85,260,2057,126.0,4274.84065934,146.928571429
1336,36,69,770,55.0,70.7692307692,55.0
1337,27,96,841,53.5,754.686813187,60.0714285714
1338,98,154,1717,123.0,166.862637363,122.642857143
1339,139,278,2682,177.0,1779.34065934,191.571428571
1340,49,154,1501,117.5,1366.18131868,107.214285714
1341,111,185,1929,132.0,414.181318681,137.785714286
1342,83,193,1771,118.0,1162.73076923,126.5
1343,53,166,1243,102.0,1145.90151515,103.583333333
1344,158,312,2802,182.0,2059.36263736,200.142857143
1345,69,127,1322,89.0,338.725274725,94.4285714286
1346,1003,1703,17300,1203.5,42498.0659341,1235.71428571
1347,69,116,1256,88.5,188.21978022,89.7142857143
1348,97,196,1984,141.0,824.065934066,141.714285714
1349,84,132,1429,102.0,234.532967033,102.071428571
1350,379,551,6175,436.0,2386.84065934,441.071428571
1351,69,138,1373,93.0,529.302197802,98.0714285714
1352,38,91,832,59.0,179.494505495,59.4285714286
1353,93,488,4228,381.0,26315.2307692,302.0
1354,192,249,3010,209.0,318.461538462,215.0
1355,253,464,4969,357.5,4138.99450549,354.928571429
1356,139,233,2424,163.0,652.901098901,173.142857143
1357,114,190,2246,163.0,467.032967033,160.428571429
1358,14,354,2842,208.0,9626.92307692,203.0
1359,33,117,789,44.0,657.016483516,56.3571428571
1360,45,111,820,55.0,260.571428571,58.5714285714
1361,57,189,1886,149.0,1996.21978022,134.714285714
1362,42,85,885,62.5,216.642857143,63.2142857143
1363,88,123,1412,100.0,97.8241758242,100.857142857
1364,46,143,1178,73.5,879.054945055,84.1428571429
1365,215,364,4268,322.5,2443.20879121,304.857142857
1366,11,178,1353,130.0,4684.4010989,96.6428571429
1367,27,281,1594,94.0,4839.05494505,113.857142857
1368,85,131,1484,106.0,206.307692308,106.0
1369,46,80,912,66.5,108.43956044,65.1428571429
1370,64,173,1697,125.5,1311.41208791,121.214285714
1371,27,134,1178,101.0,1942.59340659,84.1428571429
1372,97,1126,9497,1004.0,204065.269231,730.538461538
1373,307,779,6484,424.0,18819.5164835,463.142857143
1374,40,70,812,60.0,91.0769230769,58.0
1375,32,87,917,71.0,313.038461538,65.5
1376,115,200,1972,138.0,459.978021978,140.857142857
1377,138,297,2637,174.5,1774.24725275,188.357142857
1378,41,115,1048,79.0,541.516483516,74.8571428571
1379,149,301,3200,240.5,2523.95604396,228.571428571
1380,55,105,1015,73.5,199.192307692,72.5
1381,112,211,2204,149.5,801.340659341,157.428571429
1382,56,73,921,66.5,28.3351648352,65.7857142857
1383,59,210,2103,170.5,2972.02747253,150.214285714
1384,8,295,1293,63.5,7706.4010989,92.3571428571
1385,70,118,1261,88.0,232.532967033,90.0714285714
1386,42,101,1041,77.0,245.324175824,74.3571428571
1387,102,285,2527,129.5,6445.96153846,180.5
1388,57,113,1132,75.0,488.285714286,80.8571428571
1389,76,139,1466,105.0,361.912087912,104.714285714
1390,31,80,719,40.5,370.401098901,51.3571428571
1391,68,161,1528,147.0,876.890909091,138.909090909
1392,194,303,3537,263.0,1096.86263736,252.642857143
1393,46,113,1073,75.5,365.631868132,76.6428571429
1394,206,485,4959,374.0,8222.95054945,354.214285714
1395,80,115,1456,105.0,106.461538462,104.0
1396,244,395,4627,342.0,1557.96153846,330.5
1397,154,335,3277,212.0,3186.84065934,234.071428571
1398,33,87,784,48.5,378.153846154,56.0
1399,94,223,1995,140.5,1123.03846154,142.5
1400,123,194,1205,151.0,478.553571429,150.625
1401,79,119,1347,96.0,108.489010989,96.2142857143
1402,34,106,991,74.5,611.71978022,70.7857142857
1403,105,238,2178,148.0,1345.8021978,155.571428571
1404,89,149,1793,137.0,465.60989011,128.071428571
1405,43,85,962,71.5,144.373626374,68.7142857143
1406,46,79,852,57.0,81.3626373626,60.8571428571
1407,25,99,913,71.5,691.412087912,65.2142857143
1408,49,89,935,65.5,109.258241758,66.7857142857
1409,188,261,3176,228.5,625.67032967,226.857142857
1410,113,185,1882,126.0,506.10989011,134.428571429
1411,117,210,2160,147.0,982.835164835,154.285714286
1412,90,258,2298,150.5,3332.9010989,164.142857143
1413,41,116,1117,77.5,411.873626374,79.7857142857
1414,36,68,663,46.0,78.4010989011,47.3571428571
1415,50,100,930,64.0,182.879120879,66.4285714286
1416,32,108,914,54.5,710.681318681,65.2857142857
1417,139,195,2370,170.0,232.989010989,169.285714286
1418,75,126,1353,97.5,253.93956044,96.6428571429
1419,99,148,1774,129.5,290.065934066,126.714285714
1420,78,255,2363,214.0,5286.18131868,168.785714286
1421,87,164,1745,126.5,493.93956044,124.642857143
1422,89,191,1679,119.5,626.379120879,119.928571429
1423,55,149,1329,90.0,832.686813187,94.9285714286
1424,125,260,2543,160.0,2047.01648352,181.642857143
1425,59,86,1015,71.0,82.2692307692,72.5
1426,74,622,5226,503.0,57947.6043956,373.285714286
1427,143,256,2747,191.0,1227.87362637,196.214285714
1428,55,114,1159,75.5,381.412087912,82.7857142857
1429,92,136,1641,121.5,243.565934066,117.214285714
1430,19,68,575,43.0,233.456043956,41.0714285714
1431,58,166,1517,114.0,734.862637363,108.357142857
1432,202,585,4757,307.5,11607.4120879,339.785714286
1433,34,83,969,73.5,165.565934066,69.2142857143
1434,308,560,6280,467.0,6034.41758242,448.571428571
1435,43,92,909,62.0,229.917582418,64.9285714286
1436,225,454,4377,309.5,3998.70879121,312.642857143
1437,76,123,1365,98.0,149.807692308,97.5
1438,79,248,2306,169.5,1825.45054945,164.714285714
1439,65,161,1672,124.5,1006.72527473,119.428571429
1440,114,199,2058,140.5,664.0,147.0
1441,69,113,1317,94.0,157.917582418,94.0714285714
1442,36,61,656,46.5,58.4395604396,46.8571428571
1443,65,133,1294,90.5,448.10989011,92.4285714286
1444,42,154,1282,73.5,1730.87912088,91.5714285714
1445,170,229,2809,199.0,389.478021978,200.642857143
1446,116,289,2922,211.5,3767.14285714,208.714285714
1447,4,100,687,81.5,1209.12222222,68.7
1448,25,75,625,45.5,156.401098901,44.6428571429
1449,81,244,1938,123.0,2953.64835165,138.428571429
1450,44,107,994,67.5,465.538461538,71.0
1451,85,190,1868,135.0,954.571428571,133.428571429
1452,43,86,857,58.0,140.950549451,61.2142857143
1453,90,328,2207,115.0,6113.63186813,157.642857143
1454,101,162,1956,147.5,387.912087912,139.714285714
1455,70,135,1549,113.0,347.631868132,110.642857143
1456,83,112,1343,93.5,71.1483516484,95.9285714286
1457,68,142,1630,121.5,549.802197802,116.428571429
1458,73,152,1423,91.0,736.708791209,101.642857143
1459,60,109,681,85.5,416.125,85.125
1460,26,138,1063,80.0,1391.3021978,75.9285714286
1461,388,631,6504,455.5,5354.10989011,464.571428571
1462,1,112,486,95.5,1668.8,81.0
1463,56,154,1430,102.5,902.285714286,102.142857143
1464,1,221,350,64.0,10339.0,87.5
1465,2,350,1284,283.5,22042.8,214.0
1466,80,128,1533,111.5,209.038461538,109.5
1467,133,211,2172,151.0,398.43956044,155.142857143
1468,111,229,2083,139.5,1255.56593407,148.785714286
1469,267,794,7120,503.5,22646.4175824,508.571428571
1470,55,173,1361,84.5,1406.02747253,97.2142857143
1471,52,128,1110,74.5,609.912087912,79.2857142857
1472,297,432,4764,339.5,1513.75824176,340.285714286
1473,47,129,1269,88.5,636.862637363,90.6428571429
1474,117,336,2571,158.5,4180.70879121,183.642857143
1475,33,85,721,47.0,217.038461538,51.5
1476,53,71,892,66.0,46.989010989,63.7142857143
1477,55,254,2216,202.0,5656.98901099,158.285714286
1478,97,287,2653,235.5,2729.90151515,221.083333333
1479,42,254,1820,118.0,6421.69230769,130.0
1480,56,111,1128,80.0,239.494505495,80.5714285714
1481,50,124,1150,88.5,413.67032967,82.1428571429
1482,64,143,1454,101.0,625.516483516,103.857142857
1483,242,397,4347,298.0,2216.26923077,310.5
1484,134,274,2766,200.0,1625.03296703,197.571428571
1485,79,165,1548,103.5,801.494505495,110.571428571
1486,38,107,923,68.0,286.379120879,65.9285714286
1487,28,48,537,40.0,42.2472527473,38.3571428571
1488,95,128,1523,107.0,106.181318681,108.785714286
1489,143,239,2790,206.0,992.989010989,199.285714286
1490,83,147,1572,110.5,487.604395604,112.285714286
1491,65,139,1318,92.0,415.362637363,94.1428571429
1492,38,75,843,63.0,127.258241758,60.2142857143
1493,19,101,910,75.0,804.307692308,65.0
1494,139,260,2573,179.0,1029.25824176,183.785714286
1495,40,106,1085,82.5,578.423076923,77.5
1496,131,189,2163,152.0,313.5,154.5
1497,56,99,1136,82.0,143.824175824,81.1428571429
1498,55,110,1061,68.5,320.796703297,75.7857142857
1499,92,176,1637,111.5,464.840659341,116.928571429
1500,151,267,2713,193.5,1202.64285714,193.785714286
1501,127,257,2807,221.0,1948.11538462,200.5
1502,86,192,2091,155.0,1304.4010989,149.357142857
1503,113,206,2064,182.5,834.0,172.0
1504,65,124,1375,98.0,428.027472527,98.2142857143
1505,48,90,996,73.0,257.67032967,71.1428571429
1506,58,137,1265,87.5,555.785714286,90.3571428571
1507,64,96,1076,74.5,128.593406593,76.8571428571
1508,37,97,801,52.0,298.489010989,57.2142857143
1509,52,88,938,63.0,90.9230769231,67.0
1510,31,56,590,42.0,53.0549450549,42.1428571429
1511,68,254,1858,127.0,2263.45054945,132.714285714
1512,53,180,1527,108.5,1430.84065934,109.071428571
1513,58,127,1211,79.0,499.346153846,86.5
1514,51,187,1689,122.0,2469.63186813,120.642857143
1515,166,316,3139,212.5,1747.56593407,224.214285714
1516,40,82,879,62.0,142.027472527,62.7857142857
1517,48,129,1131,69.5,916.181318681,80.7857142857
1518,73,112,1297,91.0,125.93956044,92.6428571429
1519,63,152,1415,102.5,467.763736264,101.071428571
1520,36,90,860,56.0,349.340659341,61.4285714286
1521,86,107,1331,94.5,38.6868131868,95.0714285714
1522,75,142,1570,115.5,513.054945055,112.142857143
1523,4,107,810,69.0,704.272727273,67.5
1524,104,181,1922,133.0,457.450549451,137.285714286
1525,95,133,1538,108.5,148.747252747,109.857142857
1526,5,35,247,18.5,58.7087912088,17.6428571429
1527,50,105,912,62.0,238.901098901,65.1428571429
1528,106,470,4840,375.5,14190.989011,345.714285714
1529,19,63,423,39.0,172.072727273,38.4545454545
1530,48,77,854,60.0,79.2307692308,61.0
1531,52,122,1203,87.5,367.148351648,85.9285714286
1532,48,110,1126,82.5,503.340659341,80.4285714286
1533,69,156,1597,111.5,883.763736264,114.071428571
1534,73,138,1391,95.0,325.016483516,99.3571428571
1535,583,958,10304,731.5,10116.6153846,736.0
1536,76,166,1652,116.0,947.384615385,118.0
1537,55,136,1229,74.0,957.258241758,87.7857142857
1538,73,179,1685,115.0,1128.24725275,120.357142857
1539,114,225,2182,152.5,1011.67032967,155.857142857
1540,83,408,2693,185.0,8893.32417582,192.357142857
1541,56,102,1017,69.0,231.324175824,72.6428571429
1542,30,69,743,56.5,156.840659341,53.0714285714
1543,43,74,880,63.0,70.9010989011,62.8571428571
1544,133,330,2814,192.5,2946.15384615,201.0
1545,68,121,1299,89.0,295.258241758,92.7857142857
1546,52,87,975,71.0,149.016483516,69.6428571429
1547,35,228,1348,77.5,3707.75824176,96.2857142857
1548,29,198,1124,47.0,3967.6043956,80.2857142857
1549,91,132,1551,109.0,186.489010989,110.785714286
1550,60,174,1704,128.5,1038.06593407,121.714285714
1551,68,160,1443,98.5,512.379120879,103.071428571
1552,37,99,926,65.5,383.824175824,66.1428571429
1553,87,142,1596,113.0,232.923076923,114.0
1554,57,133,1318,91.5,611.978021978,94.1428571429
1555,109,251,2282,143.5,2534.92307692,163.0
1556,1,176,1794,142.5,2047.51648352,128.142857143
1557,286,413,4885,337.0,1272.22527473,348.928571429
1558,78,237,1807,102.5,3154.53296703,129.071428571
1559,38,130,1165,82.0,890.642857143,83.2142857143
1560,157,274,3106,226.0,1183.82417582,221.857142857
1561,12,336,2421,245.0,19240.532967,172.928571429
1562,40,95,825,56.5,181.60989011,58.9285714286
1563,37,67,725,54.0,75.8736263736,51.7857142857
1564,133,240,2293,157.0,778.642857143,163.785714286
1565,42,101,985,70.5,566.093406593,70.3571428571
1566,62,110,1240,91.5,222.879120879,88.5714285714
1567,41,114,931,62.0,458.269230769,66.5
1568,122,365,2927,203.0,4899.60989011,209.071428571
1569,5,112,1073,93.0,1343.01648352,76.6428571429
1570,131,206,2200,153.0,622.747252747,157.142857143
1571,11,585,4130,374.5,43396.1538462,295.0
1572,5,165,1307,103.5,1543.01648352,93.3571428571
1573,116,248,2562,193.0,1985.38461538,183.0
1574,51,95,1127,84.5,154.423076923,80.5
1575,52,85,976,71.5,97.2967032967,69.7142857143
1576,69,148,1503,101.5,678.862637363,107.357142857
1577,23,80,561,35.0,278.225274725,40.0714285714
1578,70,149,1165,107.0,449.890909091,105.909090909
1579,23,83,621,40.5,293.631868132,44.3571428571
1580,102,321,2645,148.0,5999.14835165,188.928571429
1581,45,85,911,63.0,146.071428571,65.0714285714
1582,81,131,1411,101.5,238.796703297,100.785714286
1583,125,279,3067,245.5,3363.3021978,219.071428571
1584,158,240,2798,201.5,645.362637363,199.857142857
1585,43,108,1124,91.0,460.373626374,80.2857142857
1586,37,90,871,60.0,265.565934066,62.2142857143
1587,39,101,849,59.0,267.93956044,60.6428571429
1588,70,128,1354,91.5,265.912087912,96.7142857143
1589,49,148,1451,114.0,1257.93956044,103.642857143
1590,113,400,3094,219.0,5605.84615385,221.0
1591,79,201,1932,144.0,1788.0,138.0
1592,52,89,993,71.0,123.917582418,70.9285714286
1593,56,139,1273,89.5,681.763736264,90.9285714286
1594,73,148,1495,104.0,523.873626374,106.785714286
1595,58,119,1224,81.5,355.186813187,87.4285714286
1596,72,176,1913,149.0,1199.93956044,136.642857143
1597,33,274,2411,213.0,8737.41208791,172.214285714
1598,38,71,751,51.0,110.554945055,53.6428571429
1599,68,132,1335,93.5,324.554945055,95.3571428571
1600,58,84,1008,69.5,59.8461538462,72.0
1601,50,81,928,68.0,112.835164835,66.2857142857
1602,53,99,1096,79.5,154.989010989,78.2857142857
1603,107,240,2114,153.0,1212.0,151.0
1604,36,85,757,47.5,229.60989011,54.0714285714
1605,196,335,3575,247.0,1594.86263736,255.357142857
1606,39,90,941,66.5,322.489010989,67.2142857143
1607,35,69,699,50.5,120.994505495,49.9285714286
1608,73,133,1507,113.0,327.17032967,107.642857143
1609,66,154,969,119.0,767.75,107.666666667
1610,174,302,3349,251.0,1619.41208791,239.214285714
1611,89,228,1736,109.5,1688.76923077,124.0
1612,95,206,2190,165.5,1232.87912088,156.428571429
1613,21,400,3336,353.5,29048.989011,238.285714286
1614,51,140,1169,78.0,635.346153846,83.5
1615,63,291,2650,250.0,9799.14285714,189.285714286
1616,390,622,6467,450.5,4822.84065934,461.928571429
1617,43,77,873,66.0,155.631868132,62.3571428571
1618,16,116,1184,86.5,558.571428571,84.5714285714
1619,130,268,2474,166.5,1469.91208791,176.714285714
1620,107,311,3215,243.5,4016.86263736,229.642857143
1621,39,177,1703,132.0,1958.4010989,121.642857143
1622,94,158,1719,121.5,277.565934066,122.785714286
1623,224,625,4867,312.5,10321.1703297,347.642857143
1624,284,478,5138,356.0,3302.15384615,367.0
1625,159,206,2497,173.5,186.708791209,178.357142857
1626,127,413,3802,337.0,13500.4175824,271.571428571
1627,122,214,2348,165.0,758.989010989,167.714285714
1628,67,146,1498,110.5,392.307692308,107.0
1629,1822,3392,31118,2038.5,238370.527473,2222.71428571
1630,46,122,1224,93.0,449.032967033,87.4285714286
1631,239,444,4503,309.5,3169.93956044,321.642857143
1632,26,84,809,58.0,240.796703297,57.7857142857
1633,54,113,1014,68.0,229.956043956,72.4285714286
1634,83,133,1454,103.0,155.824175824,103.857142857
1635,48,95,1005,69.5,257.71978022,71.7857142857
1636,39,91,1036,77.0,266.461538462,74.0
1637,58,161,1631,127.0,1324.42307692,116.5
1638,89,215,1930,124.0,1697.36263736,137.857142857
1639,44,193,1500,72.0,3776.28571429,107.142857143
1640,24,133,797,41.5,1500.68681319,56.9285714286
1641,54,92,987,70.0,168.576923077,70.5
1642,162,263,3058,230.5,1540.26373626,218.428571429
1643,22,74,593,47.0,292.756410256,45.6153846154
1644,105,183,2012,143.5,531.450549451,143.714285714
1645,132,325,3760,290.5,3515.49450549,268.571428571
1646,55,106,1113,72.5,378.576923077,79.5
1647,174,344,3405,240.0,2054.7967033,243.214285714
1648,172,287,3005,208.0,1012.70879121,214.642857143
1649,34,105,785,47.5,467.917582418,56.0714285714
1650,71,291,2564,236.5,7144.9010989,183.142857143
1651,62,116,1301,96.5,240.071428571,92.9285714286
1652,49,119,1221,84.0,449.565934066,87.2142857143
1653,82,136,1616,118.5,248.725274725,115.428571429
1654,55,86,978,71.5,75.3626373626,69.8571428571
1655,26,120,1023,75.5,1085.60989011,73.0714285714
1656,43,74,779,56.0,81.3241758242,55.6428571429
1657,82,126,1455,105.0,129.456043956,103.928571429
1658,118,327,3181,245.0,5246.64285714,227.214285714
1659,67,149,1458,97.0,989.362637363,104.142857143
1660,40,100,994,67.5,480.307692308,71.0
1661,8,590,5391,442.0,19988.5641026,414.692307692
1662,62,113,1118,78.0,233.67032967,79.8571428571
1663,249,353,4331,306.5,660.862637363,309.357142857
1664,39,149,1191,72.5,1133.45604396,85.0714285714
1665,58,152,1534,127.0,793.833333333,118.0
1666,175,368,3651,242.5,4308.33516484,260.785714286
1667,208,433,4470,318.0,3121.45054945,319.285714286
1668,83,192,1818,127.0,1071.20879121,129.857142857
1669,83,161,1473,102.5,349.873626374,105.214285714
1670,136,271,2759,183.0,2083.3021978,197.071428571
1671,44,126,1102,75.0,578.989010989,78.7142857143
1672,52,157,1362,84.0,1671.14285714,97.2857142857
1673,194,332,3517,243.0,1890.48901099,251.214285714
1674,45,85,905,64.0,98.5549450549,64.6428571429
1675,58,127,1196,80.0,439.032967033,85.4285714286
1676,66,154,1540,111.5,511.230769231,110.0
1677,90,183,1676,119.0,536.989010989,119.714285714
1678,52,115,1110,76.0,338.527472527,79.2857142857
1679,19,146,1283,115.0,2417.47802198,91.6428571429
1680,69,170,1791,131.0,1336.53296703,127.928571429
1681,43,135,1099,69.5,949.961538462,78.5
1682,74,116,1396,101.5,140.835164835,99.7142857143
1683,25,110,812,48.5,927.384615385,58.0
1684,57,130,1186,82.0,373.142857143,84.7142857143
1685,33,131,1135,71.5,935.302197802,81.0714285714
1686,7,90,767,74.5,1164.64285714,54.7857142857
1687,487,899,8937,608.0,17964.0934066,638.357142857
1688,53,104,875,83.0,299.472727273,79.5454545455
1689,53,119,1143,78.0,350.093406593,81.6428571429
1690,166,289,3018,212.0,1230.87912088,215.571428571
1691,29,57,564,36.5,102.373626374,40.2857142857
1692,135,455,3326,204.5,7571.49450549,237.571428571
1693,56,163,1371,99.5,778.532967033,97.9285714286
1694,14,124,756,34.5,1447.38461538,54.0
1695,62,129,1289,92.0,326.840659341,92.0714285714
1696,52,123,1285,94.5,434.796703297,91.7857142857
1697,44,234,1947,133.5,3046.37912088,139.071428571
1698,167,466,3616,406.0,8429.37777778,361.6
1699,55,131,1077,72.5,451.148351648,76.9285714286
1700,76,137,1464,105.5,307.494505495,104.571428571
1701,74,108,1284,93.5,102.681318681,91.7142857143
1702,22,72,655,53.0,276.027472527,46.7857142857
1703,26,126,744,36.5,1000.43956044,53.1428571429
1704,154,461,4691,375.5,10338.532967,335.071428571
1705,59,106,1151,79.0,176.027472527,82.2142857143
1706,38,275,2295,204.5,9458.99450549,163.928571429
1707,311,459,3992,372.0,2237.29090909,362.909090909
1708,108,318,2475,155.5,3602.7967033,176.785714286
1709,173,916,7729,613.5,100616.071429,552.071428571
1710,156,230,2818,204.5,461.604395604,201.285714286
1711,50,120,1378,104.0,444.10989011,98.4285714286
1712,49,97,924,61.5,245.846153846,66.0
1713,33,83,816,58.0,282.989010989,58.2857142857
1714,73,207,2128,179.0,2277.53846154,152.0
1715,29,103,948,71.5,562.21978022,67.7142857143
1716,10,190,1388,148.5,5191.87878788,115.666666667
1717,223,438,4104,295.0,3800.74725275,293.142857143
1718,47,86,892,62.5,113.758241758,63.7142857143
1719,126,309,3093,256.0,3341.74358974,237.923076923
1720,84,319,3247,238.0,4080.07142857,231.928571429
1721,22,61,542,50.5,177.96969697,45.1666666667
1722,156,247,2760,202.5,732.747252747,197.142857143
1723,57,100,1092,77.0,158.307692308,78.0
1724,51,113,1230,92.5,313.67032967,87.8571428571
1725,73,224,1834,143.0,2465.74358974,141.076923077
1726,250,495,4660,311.0,5745.97802198,332.857142857
1727,118,252,2524,188.5,1958.06593407,180.285714286
1728,13,122,1049,89.0,1378.53296703,74.9285714286
1729,47,134,1258,88.5,621.516483516,89.8571428571
1730,37,123,1035,77.5,659.148351648,73.9285714286
1731,43,91,889,57.5,281.807692308,63.5
1732,129,226,2205,146.5,1072.73076923,157.5
1733,8,128,951,89.5,2412.07142857,67.9285714286
1734,57,119,1214,81.5,346.835164835,86.7142857143
1735,59,136,1198,76.0,566.263736264,85.5714285714
1736,35,73,684,47.5,126.43956044,48.8571428571
1737,3,105,720,77.0,1396.54545455,60.0
1738,88,146,1536,107.5,290.21978022,109.714285714
1739,44,84,840,58.5,84.0,60.0
1740,1,132,1192,114.0,2624.9010989,85.1428571429
1741,57,135,1227,85.0,588.247252747,87.6428571429
1742,22,108,956,78.0,678.527472527,68.2857142857
1743,214,321,3818,275.5,1357.6043956,272.714285714
1744,97,154,1719,117.5,323.104395604,122.785714286
1745,365,561,6174,426.0,3275.69230769,441.0
1746,36,127,1238,92.5,525.032967033,88.4285714286
1747,13,96,584,27.0,965.912087912,41.7142857143
1748,69,131,1313,81.5,624.642857143,93.7857142857
1749,21,69,669,49.5,171.104395604,47.7857142857
1750,4,159,1430,108.5,1751.05494505,102.142857143
1751,195,307,3534,253.5,1358.26373626,252.428571429
1752,199,409,4008,276.0,3010.52747253,286.285714286
1753,156,291,3123,238.5,2184.68681319,223.071428571
1754,39,71,780,56.0,94.989010989,55.7142857143
1755,58,99,1121,80.5,105.60989011,80.0714285714
1756,106,211,2053,139.5,1006.70879121,146.642857143
1757,75,237,1784,97.5,3508.41758242,127.428571429
1758,34,88,764,53.0,220.725274725,54.5714285714
1759,150,482,4513,367.5,11961.9395604,322.357142857
1760,98,149,1691,118.5,194.335164835,120.785714286
1761,32,106,859,44.0,773.478021978,61.3571428571
1762,96,214,2106,153.5,1510.87912088,150.428571429
1763,81,176,1781,128.5,612.027472527,127.214285714
1764,16,120,986,79.0,1519.8021978,70.4285714286
1765,80,195,1896,138.5,973.340659341,135.428571429
1766,88,132,1525,107.5,213.456043956,108.928571429
1767,109,194,2061,145.0,545.71978022,147.214285714
1768,115,288,2842,243.5,5232.30769231,203.0
1769,26,89,767,53.0,334.335164835,54.7857142857
1770,145,305,3043,207.0,2545.01648352,217.357142857
1771,104,210,2243,164.0,1217.41208791,160.214285714
1772,22,126,880,43.0,1302.28571429,62.8571428571
1773,41,121,1062,73.0,543.978021978,75.8571428571
1774,23,116,808,89.0,785.733333333,80.8
1775,201,295,3249,224.0,746.686813187,232.071428571
1776,91,200,1750,118.5,872.923076923,125.0
1777,67,108,1223,86.0,159.324175824,87.3571428571
1778,134,236,2619,187.0,543.60989011,187.071428571
1779,80,254,2479,207.0,4103.14835165,177.071428571
1780,52,104,1201,90.0,283.258241758,85.7857142857
1781,24,80,740,54.5,344.593406593,52.8571428571
1782,28,136,1354,101.0,810.989010989,96.7142857143
1783,313,633,5670,387.5,7237.23076923,405.0
1784,194,279,3079,220.0,475.763736264,219.928571429
1785,67,126,1243,84.5,313.104395604,88.7857142857
1786,71,213,2252,188.0,2456.28571429,160.857142857
1787,47,161,1605,122.0,1244.86263736,114.642857143
1788,21,75,678,50.5,293.648351648,48.4285714286
1789,82,133,1566,113.0,246.747252747,111.857142857
1790,187,387,3923,283.5,2540.33516484,280.214285714
1791,81,136,1387,96.0,182.840659341,99.0714285714
1792,83,167,1586,115.5,495.604395604,113.285714286
1793,72,142,1316,89.5,392.153846154,94.0
1794,84,163,1608,112.5,469.516483516,114.857142857
1795,61,134,1220,79.0,523.824175824,87.1428571429
1796,151,310,3079,221.5,3253.45604396,219.928571429
1797,1,131,990,80.0,1650.83516484,70.7142857143
1798,29,80,780,52.0,264.835164835,55.7142857143
1799,41,126,1170,85.5,614.10989011,83.5714285714
1800,60,171,1466,80.5,1824.68131868,104.714285714
1801,51,269,2000,100.5,6152.13186813,142.857142857
1802,33,72,665,44.0,118.576923077,47.5
1803,40,120,1128,74.5,682.725274725,80.5714285714
1804,70,353,2587,122.5,10020.7967033,184.785714286
1805,33,77,806,57.5,169.340659341,57.5714285714
1806,34,117,970,63.0,840.681318681,69.2857142857
1807,84,169,1699,108.5,829.631868132,121.357142857
1808,29,63,650,47.5,115.956043956,46.4285714286
1809,91,170,1779,121.0,591.302197802,127.071428571
1810,31,141,1241,88.0,1230.55494505,88.6428571429
1811,79,124,1358,96.0,149.846153846,97.0
1812,57,165,1410,82.5,1546.21978022,100.714285714
1813,38,162,1632,135.5,2130.87912088,116.571428571
1814,46,132,1275,105.0,1060.37912088,91.0714285714
1815,45,90,975,69.5,173.324175824,69.6428571429
1816,42,84,884,63.5,174.131868132,63.1428571429
1817,77,181,1995,149.0,890.884615385,142.5
1818,36,261,2445,194.0,5945.32417582,174.642857143
1819,33,67,695,46.5,146.093406593,49.6428571429
1820,72,161,1648,109.5,805.912087912,117.714285714
1821,841,1435,14108,919.5,39114.989011,1007.71428571
1822,34,98,1085,80.5,314.115384615,77.5
1823,69,141,1380,89.0,680.417582418,98.5714285714
1824,20,51,301,47.0,118.0,43.0
1825,106,187,1985,147.5,462.335164835,141.785714286
1826,159,280,2974,196.5,1601.03296703,212.428571429
1827,50,117,1025,76.5,311.565934066,73.2142857143
1828,148,246,2573,172.5,1016.48901099,183.785714286
1829,107,195,2199,161.0,718.071428571,157.071428571
1830,25,57,562,39.5,80.4395604396,40.1428571429
1831,48,691,5925,612.5,76325.2582418,423.214285714
1832,77,117,1398,102.0,145.516483516,99.8571428571
1833,42,80,810,57.0,171.516483516,57.8571428571
1834,42,82,912,66.5,141.978021978,65.1428571429
1835,21,102,894,62.5,583.824175824,63.8571428571
1836,118,173,1963,138.5,234.027472527,140.214285714
1837,70,125,1157,75.0,343.17032967,82.6428571429
1838,100,187,1961,143.5,836.379120879,140.071428571
1839,111,262,2290,142.5,2269.49450549,163.571428571
1840,20,97,752,54.0,576.373626374,53.7142857143
1841,18,95,772,53.5,528.285714286,55.1428571429
1842,159,276,2990,215.0,1251.34065934,213.571428571
1843,70,851,6115,626.5,101445.71978,436.785714286
1844,76,148,1435,95.5,491.653846154,102.5
1845,37,81,814,57.0,135.208791209,58.1428571429
1846,15,126,1014,60.0,1241.95604396,72.4285714286
1847,45,93,815,56.0,142.335164835,58.2142857143
1848,55,107,1054,73.0,254.21978022,75.2857142857
1849,53,90,963,66.5,129.258241758,68.7857142857
1850,163,433,4463,321.0,5429.1043956,318.785714286
1851,87,181,1719,128.5,735.412087912,122.785714286
1852,67,121,1187,84.5,220.335164835,84.7857142857
1853,99,250,2301,158.0,2000.55494505,164.357142857
1854,105,162,1908,138.5,318.065934066,136.285714286
1855,59,222,2112,184.0,4713.51648352,150.857142857
1856,1,90,588,59.0,1257.09090909,49.0
1857,43,124,1214,98.5,692.681318681,86.7142857143
1858,33,115,1040,103.0,989.515151515,86.6666666667
1859,205,379,3923,282.5,2509.71978022,280.214285714
1860,85,202,1934,124.0,2123.36263736,138.142857143
1861,175,371,3477,217.0,5361.47802198,248.357142857
1862,37,140,1006,59.0,1310.28571429,71.8571428571
1863,56,145,1521,121.0,732.554945055,108.642857143
1864,68,153,1609,121.0,579.302197802,114.928571429
1865,37,150,1074,69.5,1017.75824176,76.7142857143
1866,27,127,905,84.0,973.018181818,82.2727272727
1867,22,253,2118,221.5,9927.6043956,151.285714286
1868,40,137,1127,72.5,860.423076923,80.5
1869,51,117,1092,72.5,499.538461538,78.0
1870,44,121,1253,96.5,589.653846154,89.5
1871,24,86,716,48.5,299.362637363,51.1428571429
1872,248,395,4420,307.0,2456.83516484,315.714285714
1873,1,155,1216,106.5,1549.6969697,101.333333333
1874,102,246,2759,199.5,1168.37912088,197.071428571
1875,37,809,6110,599.0,127005.802198,436.428571429
1876,169,250,2866,208.5,488.989010989,204.714285714
1877,101,194,1981,144.5,974.423076923,141.5
1878,62,166,1554,122.5,1231.53846154,111.0
1879,54,97,1143,83.0,145.631868132,81.6428571429
1880,129,256,2428,155.0,1757.8021978,173.428571429
1881,127,552,5040,412.0,27084.3076923,360.0
1882,143,271,2669,174.0,1562.09340659,190.642857143
1883,41,102,993,63.0,561.763736264,70.9285714286
1884,86,195,1739,111.5,1130.7967033,124.214285714
1885,39,107,1010,71.0,405.67032967,72.1428571429
1886,55,149,1319,101.5,849.873626374,94.2142857143
1887,64,211,1820,113.0,2722.15384615,130.0
1888,64,120,1199,83.0,283.93956044,85.6428571429
1889,12,80,583,52.5,600.708791209,41.6428571429
1890,123,439,4083,301.5,13230.0934066,291.642857143
1891,41,60,679,51.0,36.7307692308,48.5
1892,74,167,1592,111.0,861.912087912,113.714285714
1893,45,80,804,56.5,119.956043956,57.4285714286
1894,13,229,1755,165.5,8270.24725275,125.357142857
1895,135,197,2332,166.5,324.879120879,166.571428571
1896,40,94,881,58.5,224.225274725,62.9285714286
1897,33,93,946,71.5,328.10989011,67.5714285714
1898,150,575,4163,293.0,16120.8626374,297.357142857
1899,10,42,323,22.5,66.532967033,23.0714285714
1900,38,74,821,58.0,94.8626373626,58.6428571429
1901,384,708,7017,481.5,8525.56593407,501.214285714
1902,94,143,1593,112.0,208.335164835,113.785714286
1903,196,340,3551,263.0,1652.24725275,253.642857143
1904,3,179,1439,128.0,3512.73076923,110.692307692
1905,152,195,2445,177.0,246.247252747,174.642857143
1906,315,666,6010,392.5,10885.6043956,429.285714286
1907,30,152,1351,110.0,1799.96153846,96.5
1908,40,106,929,66.5,447.17032967,66.3571428571
1909,53,104,984,69.0,233.604395604,70.2857142857
1910,35,67,716,49.5,87.0549450549,51.1428571429
1911,74,180,1672,121.5,1096.57142857,119.428571429
1912,135,245,2455,170.5,911.016483516,175.357142857
1913,19,48,534,40.5,57.5164835165,38.1428571429
1914,95,191,2098,150.0,623.516483516,149.857142857
1915,17,107,858,66.5,784.065934066,61.2857142857
1916,82,120,1460,109.5,129.450549451,104.285714286
1917,79,166,1691,117.0,572.181318681,120.785714286
1918,1,14,71,5.0,15.9358974359,5.46153846154
1919,85,186,1825,127.0,641.631868132,130.357142857
1920,33,84,821,57.5,258.093406593,58.6428571429
1921,109,195,2168,156.0,711.824175824,154.857142857
1922,233,428,4491,306.0,4235.71978022,320.785714286
1923,93,188,1890,129.0,723.538461538,135.0
1924,58,215,1711,110.0,3047.87362637,122.214285714
1926,22,89,817,68.5,699.93956044,58.3571428571
1927,55,567,4351,378.0,31784.7967033,310.785714286
1928,617,1292,12605,910.5,38219.3241758,900.357142857
1929,16,105,828,63.0,767.824175824,59.1428571429
1930,80,140,1478,105.0,331.494505495,105.571428571
1931,245,385,4806,357.0,1492.21978022,343.285714286
1932,206,324,3475,240.0,1041.56593407,248.214285714
1933,55,108,1101,73.0,297.93956044,78.6428571429
1934,69,195,1449,90.0,1320.73076923,103.5
1935,131,332,3513,277.0,4017.60989011,250.928571429
1936,101,208,1938,129.5,843.186813187,138.428571429
1937,107,217,2350,170.0,999.208791209,167.857142857
1938,65,226,1651,104.0,2562.68681319,117.928571429
1939,140,286,2722,179.5,1939.64835165,194.428571429
1940,96,148,1600,109.5,295.912087912,114.285714286
1941,90,198,2213,173.0,1403.45604396,158.071428571
1942,61,156,1458,94.5,1150.28571429,104.142857143
1943,96,162,852,112.0,575.571428571,121.714285714
1944,364,646,7291,524.0,5032.95054945,520.785714286
1945,186,361,4206,328.5,3726.87912088,300.428571429
1946,93,163,1583,104.0,591.302197802,113.071428571
1947,19,69,606,45.5,214.681318681,43.2857142857
1948,136,256,3018,226.5,1214.10989011,215.571428571
1949,32,86,886,63.5,275.450549451,63.2857142857
1950,236,446,4058,260.0,3745.97802198,289.857142857
1951,92,156,1693,118.0,453.763736264,120.928571429
1952,34,119,967,59.0,598.840659341,69.0714285714
1953,47,92,938,63.5,175.384615385,67.0
1954,345,552,5842,408.0,4669.14285714,417.285714286
1955,109,266,2413,167.5,2051.63186813,172.357142857
1956,101,179,1919,136.0,385.917582418,137.071428571
1957,63,183,1525,97.5,1253.60989011,108.928571429
1958,82,238,2468,208.0,2756.37362637,176.285714286
1959,81,401,4100,330.5,12802.2857143,292.857142857
1960,162,263,2696,182.0,929.494505495,192.571428571
1961,56,112,1184,83.0,294.417582418,84.5714285714
1962,114,169,1974,141.0,252.923076923,141.0
1963,63,145,1432,103.0,707.296703297,102.285714286
1964,49,110,1149,92.5,457.763736264,82.0714285714
1965,78,162,1602,109.5,477.186813187,114.428571429
1966,76,292,2660,223.0,6012.0,190.0
1967,162,296,2851,192.0,1436.4010989,203.642857143
1968,2,32,159,9.0,83.9395604396,11.3571428571
1969,9,103,957,88.5,657.113636364,79.75
1970,152,351,3412,241.0,2512.06593407,243.714285714
1971,103,263,2767,218.5,2336.24725275,197.642857143
1972,52,151,1196,87.5,764.725274725,85.4285714286
1973,30,83,747,53.5,298.247252747,53.3571428571
1974,71,190,1914,149.5,1888.06593407,136.714285714
1975,151,287,3122,222.5,2038.46153846,223.0
1976,64,114,1296,92.5,240.879120879,92.5714285714
1977,93,158,1712,119.5,416.681318681,122.285714286
1978,122,273,2471,156.5,2310.11538462,176.5
1979,55,74,899,64.5,45.2582417582,64.2142857143
1980,38,83,777,55.5,189.807692308,55.5
1981,28,111,1054,83.5,857.450549451,75.2857142857
1982,39,81,850,64.0,143.912087912,60.7142857143
1983,45,123,926,85.0,440.163636364,84.1818181818
1984,38,69,739,53.5,98.489010989,52.7857142857
1985,363,633,6619,444.0,8893.25824176,472.785714286
1986,63,105,1216,86.5,119.824175824,86.8571428571
1987,37,145,892,55.5,870.835164835,63.7142857143
1988,147,305,2902,196.0,1953.45054945,207.285714286
1989,39,287,1674,89.0,6567.03296703,119.571428571
1990,57,119,1268,91.5,288.725274725,90.5714285714
1991,87,150,1790,130.0,309.516483516,127.857142857
1992,49,121,1035,69.5,519.917582418,73.9285714286
1993,35,80,595,60.0,186.5,59.5
1994,125,163,1953,136.0,149.346153846,139.5
1995,52,76,889,62.5,57.0384615385,63.5
1996,53,89,1028,75.5,101.186813187,73.4285714286
1997,60,341,2808,251.5,12070.5714286,200.571428571
1998,66,513,4148,439.0,17321.6909091,377.090909091
1999,271,538,4973,334.5,5785.87362637,355.214285714
2000,29,177,1651,153.0,3150.99450549,117.928571429
